-- MySQL dump 10.13  Distrib 8.0.40, for Win64 (x86_64)
--
-- Host: 127.0.0.1    Database: school_management
-- ------------------------------------------------------
-- Server version	9.1.0

/*!40101 SET @OLD_CHARACTER_SET_CLIENT=@@CHARACTER_SET_CLIENT */;
/*!40101 SET @OLD_CHARACTER_SET_RESULTS=@@CHARACTER_SET_RESULTS */;
/*!40101 SET @OLD_COLLATION_CONNECTION=@@COLLATION_CONNECTION */;
/*!50503 SET NAMES utf8 */;
/*!40103 SET @OLD_TIME_ZONE=@@TIME_ZONE */;
/*!40103 SET TIME_ZONE='+00:00' */;
/*!40014 SET @OLD_UNIQUE_CHECKS=@@UNIQUE_CHECKS, UNIQUE_CHECKS=0 */;
/*!40014 SET @OLD_FOREIGN_KEY_CHECKS=@@FOREIGN_KEY_CHECKS, FOREIGN_KEY_CHECKS=0 */;
/*!40101 SET @OLD_SQL_MODE=@@SQL_MODE, SQL_MODE='NO_AUTO_VALUE_ON_ZERO' */;
/*!40111 SET @OLD_SQL_NOTES=@@SQL_NOTES, SQL_NOTES=0 */;

--
-- Table structure for table `bulletins`
--

DROP TABLE IF EXISTS `bulletins`;
/*!40101 SET @saved_cs_client     = @@character_set_client */;
/*!50503 SET character_set_client = utf8mb4 */;
CREATE TABLE `bulletins` (
  `id` int NOT NULL AUTO_INCREMENT,
  `student_id` int NOT NULL,
  `class_id` int NOT NULL,
  `period` varchar(50) NOT NULL,
  `issue_date` date NOT NULL,
  `created_at` datetime NOT NULL DEFAULT CURRENT_TIMESTAMP,
  `updated_at` datetime NOT NULL DEFAULT CURRENT_TIMESTAMP ON UPDATE CURRENT_TIMESTAMP,
  PRIMARY KEY (`id`),
  KEY `student_id` (`student_id`),
  KEY `class_id` (`class_id`),
  CONSTRAINT `bulletins_ibfk_1` FOREIGN KEY (`student_id`) REFERENCES `students` (`id`) ON DELETE CASCADE,
  CONSTRAINT `bulletins_ibfk_2` FOREIGN KEY (`class_id`) REFERENCES `classes` (`id`) ON DELETE CASCADE
) ENGINE=InnoDB AUTO_INCREMENT=116 DEFAULT CHARSET=utf8mb4 COLLATE=utf8mb4_0900_ai_ci;
/*!40101 SET character_set_client = @saved_cs_client */;

--
-- Dumping data for table `bulletins`
--

LOCK TABLES `bulletins` WRITE;
/*!40000 ALTER TABLE `bulletins` DISABLE KEYS */;
INSERT INTO `bulletins` VALUES (64,2,7,'2025','2025-01-21','2025-01-21 21:43:06','2025-01-21 21:43:06'),(65,4,6,'2025','2025-01-21','2025-01-21 21:43:07','2025-01-21 21:43:07'),(66,6,1,'2025','2025-01-21','2025-01-21 21:43:09','2025-01-21 21:43:09'),(67,8,9,'2025','2025-01-21','2025-01-21 21:43:10','2025-01-21 21:43:10'),(68,10,9,'2025','2025-01-21','2025-01-21 21:43:11','2025-01-21 21:43:11'),(69,12,10,'2025','2025-01-21','2025-01-21 21:43:12','2025-01-21 21:43:12'),(70,14,10,'2025','2025-01-21','2025-01-21 21:43:13','2025-01-21 21:43:13'),(71,16,3,'2025','2025-01-21','2025-01-21 21:43:14','2025-01-21 21:43:14'),(72,18,4,'2025','2025-01-21','2025-01-21 21:43:15','2025-01-21 21:43:15'),(73,20,6,'2025','2025-01-21','2025-01-21 21:43:16','2025-01-21 21:43:16'),(74,22,9,'2025','2025-01-21','2025-01-21 21:43:18','2025-01-21 21:43:18'),(75,24,4,'2025','2025-01-21','2025-01-21 21:43:19','2025-01-21 21:43:19'),(76,26,2,'2025','2025-01-21','2025-01-21 21:43:20','2025-01-21 21:43:20'),(77,28,7,'2025','2025-01-21','2025-01-21 21:43:21','2025-01-21 21:43:21'),(78,30,4,'2025','2025-01-21','2025-01-21 21:43:22','2025-01-21 21:43:22'),(79,32,7,'2025','2025-01-21','2025-01-21 21:43:23','2025-01-21 21:43:23'),(80,34,6,'2025','2025-01-21','2025-01-21 21:43:24','2025-01-21 21:43:24'),(81,36,7,'2025','2025-01-21','2025-01-21 21:43:25','2025-01-21 21:43:25'),(82,38,3,'2025','2025-01-21','2025-01-21 21:43:26','2025-01-21 21:43:26'),(83,40,7,'2025','2025-01-21','2025-01-21 21:43:28','2025-01-21 21:43:28'),(84,42,1,'2025','2025-01-21','2025-01-21 21:43:29','2025-01-21 21:43:29'),(85,44,8,'2025','2025-01-21','2025-01-21 21:43:30','2025-01-21 21:43:30'),(86,46,2,'2025','2025-01-21','2025-01-21 21:43:31','2025-01-21 21:43:31'),(87,48,1,'2025','2025-01-21','2025-01-21 21:43:32','2025-01-21 21:43:32'),(88,50,1,'2025','2025-01-21','2025-01-21 21:43:33','2025-01-21 21:43:33'),(89,52,3,'2025','2025-01-21','2025-01-21 21:43:34','2025-01-21 21:43:34'),(90,55,8,'2025','2025-01-21','2025-01-21 21:52:43','2025-01-21 21:52:43'),(91,57,3,'2025','2025-01-21','2025-01-21 21:52:44','2025-01-21 21:52:44'),(92,59,4,'2025','2025-01-21','2025-01-21 21:52:45','2025-01-21 21:52:45'),(93,61,2,'2025','2025-01-21','2025-01-21 21:52:46','2025-01-21 21:52:46'),(94,63,1,'2025','2025-01-21','2025-01-21 21:52:47','2025-01-21 21:52:47'),(95,65,5,'2025','2025-01-21','2025-01-21 21:52:48','2025-01-21 21:52:48'),(96,67,10,'2025','2025-01-21','2025-01-21 21:52:49','2025-01-21 21:52:49'),(97,69,9,'2025','2025-01-21','2025-01-21 21:52:51','2025-01-21 21:52:51'),(98,71,8,'2025','2025-01-21','2025-01-21 21:52:52','2025-01-21 21:52:52'),(99,73,4,'2025','2025-01-21','2025-01-21 21:52:53','2025-01-21 21:52:53'),(100,75,3,'2025','2025-01-21','2025-01-21 21:52:54','2025-01-21 21:52:54'),(101,77,4,'2025','2025-01-21','2025-01-21 21:52:55','2025-01-21 21:52:55'),(102,79,6,'2025','2025-01-21','2025-01-21 21:52:56','2025-01-21 21:52:56'),(103,81,5,'2025','2025-01-21','2025-01-21 21:52:57','2025-01-21 21:52:57'),(104,83,10,'2025','2025-01-21','2025-01-21 21:52:58','2025-01-21 21:52:58'),(105,85,10,'2025','2025-01-21','2025-01-21 21:52:59','2025-01-21 21:52:59'),(106,87,4,'2025','2025-01-21','2025-01-21 21:53:00','2025-01-21 21:53:00'),(107,89,3,'2025','2025-01-21','2025-01-21 21:53:01','2025-01-21 21:53:01'),(108,91,6,'2025','2025-01-21','2025-01-21 21:53:03','2025-01-21 21:53:03'),(109,93,3,'2025','2025-01-21','2025-01-21 21:53:04','2025-01-21 21:53:04'),(110,95,7,'2025','2025-01-21','2025-01-21 21:53:05','2025-01-21 21:53:05'),(111,97,9,'2025','2025-01-21','2025-01-21 21:53:06','2025-01-21 21:53:06'),(112,99,5,'2025','2025-01-21','2025-01-21 21:53:07','2025-01-21 21:53:07'),(113,101,8,'2025','2025-01-21','2025-01-21 21:53:08','2025-01-21 21:53:08'),(114,103,5,'2025','2025-01-21','2025-01-21 21:53:09','2025-01-21 21:53:09'),(115,105,8,'2025','2025-01-21','2025-01-21 21:53:10','2025-01-21 21:53:10');
/*!40000 ALTER TABLE `bulletins` ENABLE KEYS */;
UNLOCK TABLES;
/*!50003 SET @saved_cs_client      = @@character_set_client */ ;
/*!50003 SET @saved_cs_results     = @@character_set_results */ ;
/*!50003 SET @saved_col_connection = @@collation_connection */ ;
/*!50003 SET character_set_client  = utf8mb4 */ ;
/*!50003 SET character_set_results = utf8mb4 */ ;
/*!50003 SET collation_connection  = utf8mb4_0900_ai_ci */ ;
/*!50003 SET @saved_sql_mode       = @@sql_mode */ ;
/*!50003 SET sql_mode              = 'ONLY_FULL_GROUP_BY,STRICT_TRANS_TABLES,NO_ZERO_IN_DATE,NO_ZERO_DATE,ERROR_FOR_DIVISION_BY_ZERO,NO_ENGINE_SUBSTITUTION' */ ;
DELIMITER ;;
/*!50003 CREATE*/ /*!50017 */ /*!50003 TRIGGER `trigger_bulletins_before_insert` BEFORE INSERT ON `bulletins` FOR EACH ROW SET NEW.created_at = IFNULL(NEW.created_at, CURRENT_TIMESTAMP) */;;
DELIMITER ;
/*!50003 SET sql_mode              = @saved_sql_mode */ ;
/*!50003 SET character_set_client  = @saved_cs_client */ ;
/*!50003 SET character_set_results = @saved_cs_results */ ;
/*!50003 SET collation_connection  = @saved_col_connection */ ;
/*!50003 SET @saved_cs_client      = @@character_set_client */ ;
/*!50003 SET @saved_cs_results     = @@character_set_results */ ;
/*!50003 SET @saved_col_connection = @@collation_connection */ ;
/*!50003 SET character_set_client  = utf8mb4 */ ;
/*!50003 SET character_set_results = utf8mb4 */ ;
/*!50003 SET collation_connection  = utf8mb4_0900_ai_ci */ ;
/*!50003 SET @saved_sql_mode       = @@sql_mode */ ;
/*!50003 SET sql_mode              = 'ONLY_FULL_GROUP_BY,STRICT_TRANS_TABLES,NO_ZERO_IN_DATE,NO_ZERO_DATE,ERROR_FOR_DIVISION_BY_ZERO,NO_ENGINE_SUBSTITUTION' */ ;
DELIMITER ;;
/*!50003 CREATE*/ /*!50017 */ /*!50003 TRIGGER `trigger_bulletins_before_update` BEFORE UPDATE ON `bulletins` FOR EACH ROW SET NEW.updated_at = CURRENT_TIMESTAMP */;;
DELIMITER ;
/*!50003 SET sql_mode              = @saved_sql_mode */ ;
/*!50003 SET character_set_client  = @saved_cs_client */ ;
/*!50003 SET character_set_results = @saved_cs_results */ ;
/*!50003 SET collation_connection  = @saved_col_connection */ ;

--
-- Table structure for table `classes`
--

DROP TABLE IF EXISTS `classes`;
/*!40101 SET @saved_cs_client     = @@character_set_client */;
/*!50503 SET character_set_client = utf8mb4 */;
CREATE TABLE `classes` (
  `id` int NOT NULL AUTO_INCREMENT,
  `name` varchar(255) NOT NULL,
  `level` varchar(50) DEFAULT NULL,
  `total_fee` decimal(10,2) NOT NULL,
  `created_at` datetime NOT NULL DEFAULT CURRENT_TIMESTAMP,
  `updated_at` datetime NOT NULL DEFAULT CURRENT_TIMESTAMP ON UPDATE CURRENT_TIMESTAMP,
  PRIMARY KEY (`id`)
) ENGINE=InnoDB AUTO_INCREMENT=11 DEFAULT CHARSET=utf8mb4 COLLATE=utf8mb4_0900_ai_ci;
/*!40101 SET character_set_client = @saved_cs_client */;

--
-- Dumping data for table `classes`
--

LOCK TABLES `classes` WRITE;
/*!40000 ALTER TABLE `classes` DISABLE KEYS */;
INSERT INTO `classes` VALUES (1,'B1A','Bachelor 1',1750000.00,'2025-01-04 14:14:10','2025-01-17 15:20:50'),(2,'B1B','Bachelor 1',1750000.00,'2025-01-04 14:14:10','2025-01-17 15:20:50'),(3,'B2A','Bachelor 2',1900000.00,'2025-01-04 14:14:10','2025-01-04 14:14:10'),(4,'B2B','Bachelor 2',1900000.00,'2025-01-04 14:14:10','2025-01-04 14:14:10'),(5,'B3 jour','Bachelor 3',2100000.00,'2025-01-04 14:14:10','2025-01-04 14:14:10'),(6,'B3 soir','Bachelor 3',2100000.00,'2025-01-04 14:14:10','2025-01-04 14:14:10'),(7,'M1 jour','Master 1',2000000.00,'2025-01-04 14:14:10','2025-01-04 14:14:10'),(8,'M1 soir','Master 1',2000000.00,'2025-01-04 14:14:10','2025-01-04 14:14:10'),(9,'M2 jour','Master 2',2200000.00,'2025-01-04 14:14:10','2025-01-04 14:14:10'),(10,'M2 soir','Master 2',2200000.00,'2025-01-04 14:14:10','2025-01-04 14:14:10');
/*!40000 ALTER TABLE `classes` ENABLE KEYS */;
UNLOCK TABLES;
/*!50003 SET @saved_cs_client      = @@character_set_client */ ;
/*!50003 SET @saved_cs_results     = @@character_set_results */ ;
/*!50003 SET @saved_col_connection = @@collation_connection */ ;
/*!50003 SET character_set_client  = utf8mb4 */ ;
/*!50003 SET character_set_results = utf8mb4 */ ;
/*!50003 SET collation_connection  = utf8mb4_0900_ai_ci */ ;
/*!50003 SET @saved_sql_mode       = @@sql_mode */ ;
/*!50003 SET sql_mode              = 'ONLY_FULL_GROUP_BY,STRICT_TRANS_TABLES,NO_ZERO_IN_DATE,NO_ZERO_DATE,ERROR_FOR_DIVISION_BY_ZERO,NO_ENGINE_SUBSTITUTION' */ ;
DELIMITER ;;
/*!50003 CREATE*/ /*!50017 */ /*!50003 TRIGGER `trigger_classes_before_insert` BEFORE INSERT ON `classes` FOR EACH ROW SET NEW.created_at = IFNULL(NEW.created_at, CURRENT_TIMESTAMP) */;;
DELIMITER ;
/*!50003 SET sql_mode              = @saved_sql_mode */ ;
/*!50003 SET character_set_client  = @saved_cs_client */ ;
/*!50003 SET character_set_results = @saved_cs_results */ ;
/*!50003 SET collation_connection  = @saved_col_connection */ ;
/*!50003 SET @saved_cs_client      = @@character_set_client */ ;
/*!50003 SET @saved_cs_results     = @@character_set_results */ ;
/*!50003 SET @saved_col_connection = @@collation_connection */ ;
/*!50003 SET character_set_client  = utf8mb4 */ ;
/*!50003 SET character_set_results = utf8mb4 */ ;
/*!50003 SET collation_connection  = utf8mb4_0900_ai_ci */ ;
/*!50003 SET @saved_sql_mode       = @@sql_mode */ ;
/*!50003 SET sql_mode              = 'ONLY_FULL_GROUP_BY,STRICT_TRANS_TABLES,NO_ZERO_IN_DATE,NO_ZERO_DATE,ERROR_FOR_DIVISION_BY_ZERO,NO_ENGINE_SUBSTITUTION' */ ;
DELIMITER ;;
/*!50003 CREATE*/ /*!50017 */ /*!50003 TRIGGER `trigger_classes_before_update` BEFORE UPDATE ON `classes` FOR EACH ROW SET NEW.updated_at = CURRENT_TIMESTAMP */;;
DELIMITER ;
/*!50003 SET sql_mode              = @saved_sql_mode */ ;
/*!50003 SET character_set_client  = @saved_cs_client */ ;
/*!50003 SET character_set_results = @saved_cs_results */ ;
/*!50003 SET collation_connection  = @saved_col_connection */ ;

--
-- Table structure for table `grades`
--

DROP TABLE IF EXISTS `grades`;
/*!40101 SET @saved_cs_client     = @@character_set_client */;
/*!50503 SET character_set_client = utf8mb4 */;
CREATE TABLE `grades` (
  `id` int NOT NULL AUTO_INCREMENT,
  `student_id` int DEFAULT NULL,
  `subject_id` int DEFAULT NULL,
  `grade` decimal(5,2) NOT NULL,
  `created_at` datetime DEFAULT CURRENT_TIMESTAMP,
  `type_note` enum('cc','tp','exam','rattrapage') DEFAULT 'cc',
  `updated_at` datetime DEFAULT NULL,
  PRIMARY KEY (`id`),
  KEY `student_id` (`student_id`),
  KEY `subject_id` (`subject_id`),
  CONSTRAINT `grades_ibfk_1` FOREIGN KEY (`student_id`) REFERENCES `students` (`id`) ON DELETE CASCADE,
  CONSTRAINT `grades_ibfk_2` FOREIGN KEY (`subject_id`) REFERENCES `subjects` (`id`) ON DELETE CASCADE
) ENGINE=InnoDB AUTO_INCREMENT=1318 DEFAULT CHARSET=utf8mb4 COLLATE=utf8mb4_0900_ai_ci;
/*!40101 SET character_set_client = @saved_cs_client */;

--
-- Dumping data for table `grades`
--

LOCK TABLES `grades` WRITE;
/*!40000 ALTER TABLE `grades` DISABLE KEYS */;
INSERT INTO `grades` VALUES (22,2,22,20.00,'2025-01-21 22:48:30','cc',NULL),(23,2,22,14.00,'2025-01-21 22:48:30','tp',NULL),(24,2,22,8.00,'2025-01-21 22:48:30','exam',NULL),(25,2,22,5.00,'2025-01-21 22:48:30','rattrapage',NULL),(26,2,23,4.00,'2025-01-21 22:48:30','cc',NULL),(27,2,23,14.00,'2025-01-21 22:48:30','tp',NULL),(28,2,23,3.00,'2025-01-21 22:48:30','exam',NULL),(29,2,23,18.00,'2025-01-21 22:48:30','rattrapage',NULL),(30,2,24,11.00,'2025-01-21 22:48:30','cc',NULL),(31,2,24,4.00,'2025-01-21 22:48:30','tp',NULL),(32,2,24,0.00,'2025-01-21 22:48:30','exam',NULL),(33,2,24,20.00,'2025-01-21 22:48:30','rattrapage',NULL),(34,2,25,5.00,'2025-01-21 22:48:30','cc',NULL),(35,2,25,3.00,'2025-01-21 22:48:30','tp',NULL),(36,2,25,12.00,'2025-01-21 22:48:30','exam',NULL),(37,2,26,18.00,'2025-01-21 22:48:30','cc',NULL),(38,2,26,6.00,'2025-01-21 22:48:30','tp',NULL),(39,2,26,3.00,'2025-01-21 22:48:30','exam',NULL),(40,2,26,7.00,'2025-01-21 22:48:30','rattrapage',NULL),(41,2,27,20.00,'2025-01-21 22:48:30','cc',NULL),(42,2,27,6.00,'2025-01-21 22:48:30','tp',NULL),(43,2,27,15.00,'2025-01-21 22:48:30','exam',NULL),(44,2,28,17.00,'2025-01-21 22:48:30','cc',NULL),(45,2,28,8.00,'2025-01-21 22:48:30','tp',NULL),(46,2,28,13.00,'2025-01-21 22:48:30','exam',NULL),(47,4,15,18.00,'2025-01-21 22:48:30','cc',NULL),(48,4,15,11.00,'2025-01-21 22:48:30','tp',NULL),(49,4,15,17.00,'2025-01-21 22:48:30','exam',NULL),(50,4,16,10.00,'2025-01-21 22:48:30','cc',NULL),(51,4,16,7.00,'2025-01-21 22:48:30','tp',NULL),(52,4,16,6.00,'2025-01-21 22:48:30','exam',NULL),(53,4,16,4.00,'2025-01-21 22:48:30','rattrapage',NULL),(54,4,17,9.00,'2025-01-21 22:48:30','cc',NULL),(55,4,17,13.00,'2025-01-21 22:48:30','tp',NULL),(56,4,17,12.00,'2025-01-21 22:48:30','exam',NULL),(57,4,18,17.00,'2025-01-21 22:48:30','cc',NULL),(58,4,18,11.00,'2025-01-21 22:48:30','tp',NULL),(59,4,18,0.00,'2025-01-21 22:48:30','exam',NULL),(60,4,18,5.00,'2025-01-21 22:48:30','rattrapage',NULL),(61,4,19,10.00,'2025-01-21 22:48:30','cc',NULL),(62,4,19,20.00,'2025-01-21 22:48:30','tp',NULL),(63,4,19,15.00,'2025-01-21 22:48:30','exam',NULL),(64,4,20,4.00,'2025-01-21 22:48:30','cc',NULL),(65,4,20,15.00,'2025-01-21 22:48:30','tp',NULL),(66,4,20,16.00,'2025-01-21 22:48:30','exam',NULL),(67,4,21,16.00,'2025-01-21 22:48:30','cc',NULL),(68,4,21,4.00,'2025-01-21 22:48:30','tp',NULL),(69,4,21,15.00,'2025-01-21 22:48:30','exam',NULL),(70,6,1,6.00,'2025-01-21 22:48:30','cc',NULL),(71,6,1,3.00,'2025-01-21 22:48:30','tp',NULL),(72,6,1,5.00,'2025-01-21 22:48:30','exam',NULL),(73,6,1,3.00,'2025-01-21 22:48:30','rattrapage',NULL),(74,6,2,15.00,'2025-01-21 22:48:30','cc',NULL),(75,6,2,13.00,'2025-01-21 22:48:30','tp',NULL),(76,6,2,8.00,'2025-01-21 22:48:30','exam',NULL),(77,6,2,10.00,'2025-01-21 22:48:30','rattrapage',NULL),(78,6,3,11.00,'2025-01-21 22:48:30','cc',NULL),(79,6,3,16.00,'2025-01-21 22:48:30','tp',NULL),(80,6,3,19.00,'2025-01-21 22:48:30','exam',NULL),(81,6,4,10.00,'2025-01-21 22:48:30','cc',NULL),(82,6,4,14.00,'2025-01-21 22:48:30','tp',NULL),(83,6,4,17.00,'2025-01-21 22:48:30','exam',NULL),(84,6,5,9.00,'2025-01-21 22:48:30','cc',NULL),(85,6,5,14.00,'2025-01-21 22:48:30','tp',NULL),(86,6,5,17.00,'2025-01-21 22:48:30','exam',NULL),(87,6,6,1.00,'2025-01-21 22:48:30','cc',NULL),(88,6,6,14.00,'2025-01-21 22:48:30','tp',NULL),(89,6,6,11.00,'2025-01-21 22:48:30','exam',NULL),(90,6,6,5.00,'2025-01-21 22:48:30','rattrapage',NULL),(91,6,7,4.00,'2025-01-21 22:48:30','cc',NULL),(92,6,7,3.00,'2025-01-21 22:48:30','tp',NULL),(93,6,7,19.00,'2025-01-21 22:48:30','exam',NULL),(94,8,29,4.00,'2025-01-21 22:48:30','cc',NULL),(95,8,29,3.00,'2025-01-21 22:48:30','tp',NULL),(96,8,29,15.00,'2025-01-21 22:48:30','exam',NULL),(97,8,30,4.00,'2025-01-21 22:48:30','cc',NULL),(98,8,30,4.00,'2025-01-21 22:48:30','tp',NULL),(99,8,30,20.00,'2025-01-21 22:48:30','exam',NULL),(100,8,31,20.00,'2025-01-21 22:48:30','cc',NULL),(101,8,31,8.00,'2025-01-21 22:48:30','tp',NULL),(102,8,31,19.00,'2025-01-21 22:48:30','exam',NULL),(103,8,32,0.00,'2025-01-21 22:48:30','cc',NULL),(104,8,32,15.00,'2025-01-21 22:48:30','tp',NULL),(105,8,32,14.00,'2025-01-21 22:48:30','exam',NULL),(106,8,33,13.00,'2025-01-21 22:48:30','cc',NULL),(107,8,33,19.00,'2025-01-21 22:48:30','tp',NULL),(108,8,33,8.00,'2025-01-21 22:48:30','exam',NULL),(109,8,33,20.00,'2025-01-21 22:48:30','rattrapage',NULL),(110,8,34,14.00,'2025-01-21 22:48:30','cc',NULL),(111,8,34,8.00,'2025-01-21 22:48:30','tp',NULL),(112,8,34,13.00,'2025-01-21 22:48:30','exam',NULL),(113,8,35,14.00,'2025-01-21 22:48:30','cc',NULL),(114,8,35,4.00,'2025-01-21 22:48:30','tp',NULL),(115,8,35,11.00,'2025-01-21 22:48:30','exam',NULL),(116,8,35,20.00,'2025-01-21 22:48:30','rattrapage',NULL),(117,10,29,15.00,'2025-01-21 22:48:30','cc',NULL),(118,10,29,16.00,'2025-01-21 22:48:30','tp',NULL),(119,10,29,11.00,'2025-01-21 22:48:30','exam',NULL),(120,10,29,1.00,'2025-01-21 22:48:30','rattrapage',NULL),(121,10,30,2.00,'2025-01-21 22:48:30','cc',NULL),(122,10,30,20.00,'2025-01-21 22:48:30','tp',NULL),(123,10,30,18.00,'2025-01-21 22:48:30','exam',NULL),(124,10,31,16.00,'2025-01-21 22:48:30','cc',NULL),(125,10,31,11.00,'2025-01-21 22:48:30','tp',NULL),(126,10,31,7.00,'2025-01-21 22:48:30','exam',NULL),(127,10,31,5.00,'2025-01-21 22:48:30','rattrapage',NULL),(128,10,32,19.00,'2025-01-21 22:48:30','cc',NULL),(129,10,32,0.00,'2025-01-21 22:48:30','tp',NULL),(130,10,32,1.00,'2025-01-21 22:48:30','exam',NULL),(131,10,32,7.00,'2025-01-21 22:48:30','rattrapage',NULL),(132,10,33,6.00,'2025-01-21 22:48:30','cc',NULL),(133,10,33,17.00,'2025-01-21 22:48:30','tp',NULL),(134,10,33,18.00,'2025-01-21 22:48:30','exam',NULL),(135,10,34,11.00,'2025-01-21 22:48:30','cc',NULL),(136,10,34,10.00,'2025-01-21 22:48:30','tp',NULL),(137,10,34,15.00,'2025-01-21 22:48:30','exam',NULL),(138,10,35,9.00,'2025-01-21 22:48:30','cc',NULL),(139,10,35,15.00,'2025-01-21 22:48:30','tp',NULL),(140,10,35,15.00,'2025-01-21 22:48:30','exam',NULL),(141,12,29,18.00,'2025-01-21 22:48:30','cc',NULL),(142,12,29,3.00,'2025-01-21 22:48:30','tp',NULL),(143,12,29,12.00,'2025-01-21 22:48:30','exam',NULL),(144,12,30,10.00,'2025-01-21 22:48:30','cc',NULL),(145,12,30,10.00,'2025-01-21 22:48:30','tp',NULL),(146,12,30,7.00,'2025-01-21 22:48:30','exam',NULL),(147,12,30,2.00,'2025-01-21 22:48:30','rattrapage',NULL),(148,12,31,17.00,'2025-01-21 22:48:30','cc',NULL),(149,12,31,4.00,'2025-01-21 22:48:30','tp',NULL),(150,12,31,5.00,'2025-01-21 22:48:30','exam',NULL),(151,12,31,3.00,'2025-01-21 22:48:30','rattrapage',NULL),(152,12,32,1.00,'2025-01-21 22:48:30','cc',NULL),(153,12,32,19.00,'2025-01-21 22:48:30','tp',NULL),(154,12,32,0.00,'2025-01-21 22:48:30','exam',NULL),(155,12,32,12.00,'2025-01-21 22:48:30','rattrapage',NULL),(156,12,33,18.00,'2025-01-21 22:48:30','cc',NULL),(157,12,33,16.00,'2025-01-21 22:48:30','tp',NULL),(158,12,33,6.00,'2025-01-21 22:48:30','exam',NULL),(159,12,33,10.00,'2025-01-21 22:48:30','rattrapage',NULL),(160,12,34,7.00,'2025-01-21 22:48:30','cc',NULL),(161,12,34,13.00,'2025-01-21 22:48:30','tp',NULL),(162,12,34,3.00,'2025-01-21 22:48:30','exam',NULL),(163,12,34,15.00,'2025-01-21 22:48:30','rattrapage',NULL),(164,12,35,7.00,'2025-01-21 22:48:30','cc',NULL),(165,12,35,7.00,'2025-01-21 22:48:30','tp',NULL),(166,12,35,2.00,'2025-01-21 22:48:30','exam',NULL),(167,12,35,5.00,'2025-01-21 22:48:30','rattrapage',NULL),(168,14,29,5.00,'2025-01-21 22:48:30','cc',NULL),(169,14,29,2.00,'2025-01-21 22:48:30','tp',NULL),(170,14,29,9.00,'2025-01-21 22:48:30','exam',NULL),(171,14,29,6.00,'2025-01-21 22:48:30','rattrapage',NULL),(172,14,30,20.00,'2025-01-21 22:48:30','cc',NULL),(173,14,30,5.00,'2025-01-21 22:48:30','tp',NULL),(174,14,30,1.00,'2025-01-21 22:48:30','exam',NULL),(175,14,30,4.00,'2025-01-21 22:48:30','rattrapage',NULL),(176,14,31,17.00,'2025-01-21 22:48:30','cc',NULL),(177,14,31,5.00,'2025-01-21 22:48:30','tp',NULL),(178,14,31,16.00,'2025-01-21 22:48:30','exam',NULL),(179,14,32,6.00,'2025-01-21 22:48:30','cc',NULL),(180,14,32,7.00,'2025-01-21 22:48:30','tp',NULL),(181,14,32,6.00,'2025-01-21 22:48:30','exam',NULL),(182,14,32,16.00,'2025-01-21 22:48:30','rattrapage',NULL),(183,14,33,5.00,'2025-01-21 22:48:30','cc',NULL),(184,14,33,13.00,'2025-01-21 22:48:30','tp',NULL),(185,14,33,9.00,'2025-01-21 22:48:30','exam',NULL),(186,14,33,14.00,'2025-01-21 22:48:30','rattrapage',NULL),(187,14,34,16.00,'2025-01-21 22:48:30','cc',NULL),(188,14,34,0.00,'2025-01-21 22:48:30','tp',NULL),(189,14,34,1.00,'2025-01-21 22:48:30','exam',NULL),(190,14,34,18.00,'2025-01-21 22:48:30','rattrapage',NULL),(191,14,35,20.00,'2025-01-21 22:48:30','cc',NULL),(192,14,35,0.00,'2025-01-21 22:48:30','tp',NULL),(193,14,35,5.00,'2025-01-21 22:48:30','exam',NULL),(194,14,35,2.00,'2025-01-21 22:48:30','rattrapage',NULL),(195,16,8,10.00,'2025-01-21 22:48:30','cc',NULL),(196,16,8,11.00,'2025-01-21 22:48:30','tp',NULL),(197,16,8,0.00,'2025-01-21 22:48:30','exam',NULL),(198,16,8,18.00,'2025-01-21 22:48:30','rattrapage',NULL),(199,16,9,19.00,'2025-01-21 22:48:30','cc',NULL),(200,16,9,4.00,'2025-01-21 22:48:30','tp',NULL),(201,16,9,5.00,'2025-01-21 22:48:30','exam',NULL),(202,16,9,3.00,'2025-01-21 22:48:30','rattrapage',NULL),(203,16,10,20.00,'2025-01-21 22:48:30','cc',NULL),(204,16,10,1.00,'2025-01-21 22:48:30','tp',NULL),(205,16,10,11.00,'2025-01-21 22:48:30','exam',NULL),(206,16,10,11.00,'2025-01-21 22:48:30','rattrapage',NULL),(207,16,11,15.00,'2025-01-21 22:48:30','cc',NULL),(208,16,11,0.00,'2025-01-21 22:48:30','tp',NULL),(209,16,11,10.00,'2025-01-21 22:48:30','exam',NULL),(210,16,11,16.00,'2025-01-21 22:48:30','rattrapage',NULL),(211,16,12,6.00,'2025-01-21 22:48:30','cc',NULL),(212,16,12,7.00,'2025-01-21 22:48:30','tp',NULL),(213,16,12,17.00,'2025-01-21 22:48:30','exam',NULL),(214,16,13,4.00,'2025-01-21 22:48:30','cc',NULL),(215,16,13,7.00,'2025-01-21 22:48:30','tp',NULL),(216,16,13,3.00,'2025-01-21 22:48:30','exam',NULL),(217,16,13,8.00,'2025-01-21 22:48:30','rattrapage',NULL),(218,16,14,19.00,'2025-01-21 22:48:30','cc',NULL),(219,16,14,3.00,'2025-01-21 22:48:30','tp',NULL),(220,16,14,19.00,'2025-01-21 22:48:30','exam',NULL),(221,18,8,4.00,'2025-01-21 22:48:30','cc',NULL),(222,18,8,12.00,'2025-01-21 22:48:30','tp',NULL),(223,18,8,8.00,'2025-01-21 22:48:30','exam',NULL),(224,18,8,7.00,'2025-01-21 22:48:30','rattrapage',NULL),(225,18,9,2.00,'2025-01-21 22:48:30','cc',NULL),(226,18,9,3.00,'2025-01-21 22:48:30','tp',NULL),(227,18,9,10.00,'2025-01-21 22:48:30','exam',NULL),(228,18,9,4.00,'2025-01-21 22:48:30','rattrapage',NULL),(229,18,10,3.00,'2025-01-21 22:48:30','cc',NULL),(230,18,10,1.00,'2025-01-21 22:48:30','tp',NULL),(231,18,10,10.00,'2025-01-21 22:48:30','exam',NULL),(232,18,10,18.00,'2025-01-21 22:48:30','rattrapage',NULL),(233,18,11,7.00,'2025-01-21 22:48:30','cc',NULL),(234,18,11,3.00,'2025-01-21 22:48:30','tp',NULL),(235,18,11,1.00,'2025-01-21 22:48:30','exam',NULL),(236,18,11,9.00,'2025-01-21 22:48:30','rattrapage',NULL),(237,18,12,15.00,'2025-01-21 22:48:30','cc',NULL),(238,18,12,7.00,'2025-01-21 22:48:30','tp',NULL),(239,18,12,12.00,'2025-01-21 22:48:30','exam',NULL),(240,18,13,17.00,'2025-01-21 22:48:30','cc',NULL),(241,18,13,2.00,'2025-01-21 22:48:30','tp',NULL),(242,18,13,19.00,'2025-01-21 22:48:30','exam',NULL),(243,18,14,3.00,'2025-01-21 22:48:30','cc',NULL),(244,18,14,9.00,'2025-01-21 22:48:30','tp',NULL),(245,18,14,5.00,'2025-01-21 22:48:30','exam',NULL),(246,18,14,8.00,'2025-01-21 22:48:30','rattrapage',NULL),(247,20,15,2.00,'2025-01-21 22:48:30','cc',NULL),(248,20,15,5.00,'2025-01-21 22:48:30','tp',NULL),(249,20,15,11.00,'2025-01-21 22:48:30','exam',NULL),(250,20,15,18.00,'2025-01-21 22:48:30','rattrapage',NULL),(251,20,16,10.00,'2025-01-21 22:48:30','cc',NULL),(252,20,16,19.00,'2025-01-21 22:48:30','tp',NULL),(253,20,16,5.00,'2025-01-21 22:48:30','exam',NULL),(254,20,16,5.00,'2025-01-21 22:48:30','rattrapage',NULL),(255,20,17,18.00,'2025-01-21 22:48:30','cc',NULL),(256,20,17,18.00,'2025-01-21 22:48:30','tp',NULL),(257,20,17,6.00,'2025-01-21 22:48:30','exam',NULL),(258,20,17,11.00,'2025-01-21 22:48:30','rattrapage',NULL),(259,20,18,8.00,'2025-01-21 22:48:30','cc',NULL),(260,20,18,20.00,'2025-01-21 22:48:30','tp',NULL),(261,20,18,13.00,'2025-01-21 22:48:30','exam',NULL),(262,20,19,10.00,'2025-01-21 22:48:30','cc',NULL),(263,20,19,18.00,'2025-01-21 22:48:30','tp',NULL),(264,20,19,18.00,'2025-01-21 22:48:30','exam',NULL),(265,20,20,15.00,'2025-01-21 22:48:30','cc',NULL),(266,20,20,2.00,'2025-01-21 22:48:30','tp',NULL),(267,20,20,6.00,'2025-01-21 22:48:30','exam',NULL),(268,20,20,10.00,'2025-01-21 22:48:30','rattrapage',NULL),(269,20,21,16.00,'2025-01-21 22:48:30','cc',NULL),(270,20,21,5.00,'2025-01-21 22:48:30','tp',NULL),(271,20,21,17.00,'2025-01-21 22:48:30','exam',NULL),(272,22,29,14.00,'2025-01-21 22:48:30','cc',NULL),(273,22,29,1.00,'2025-01-21 22:48:30','tp',NULL),(274,22,29,14.00,'2025-01-21 22:48:30','exam',NULL),(275,22,30,9.00,'2025-01-21 22:48:30','cc',NULL),(276,22,30,1.00,'2025-01-21 22:48:30','tp',NULL),(277,22,30,3.00,'2025-01-21 22:48:30','exam',NULL),(278,22,30,20.00,'2025-01-21 22:48:30','rattrapage',NULL),(279,22,31,19.00,'2025-01-21 22:48:30','cc',NULL),(280,22,31,6.00,'2025-01-21 22:48:30','tp',NULL),(281,22,31,13.00,'2025-01-21 22:48:30','exam',NULL),(282,22,32,19.00,'2025-01-21 22:48:30','cc',NULL),(283,22,32,0.00,'2025-01-21 22:48:30','tp',NULL),(284,22,32,8.00,'2025-01-21 22:48:30','exam',NULL),(285,22,32,19.00,'2025-01-21 22:48:30','rattrapage',NULL),(286,22,33,7.00,'2025-01-21 22:48:30','cc',NULL),(287,22,33,7.00,'2025-01-21 22:48:30','tp',NULL),(288,22,33,12.00,'2025-01-21 22:48:30','exam',NULL),(289,22,34,11.00,'2025-01-21 22:48:30','cc',NULL),(290,22,34,18.00,'2025-01-21 22:48:30','tp',NULL),(291,22,34,6.00,'2025-01-21 22:48:30','exam',NULL),(292,22,34,9.00,'2025-01-21 22:48:30','rattrapage',NULL),(293,22,35,10.00,'2025-01-21 22:48:30','cc',NULL),(294,22,35,2.00,'2025-01-21 22:48:30','tp',NULL),(295,22,35,13.00,'2025-01-21 22:48:30','exam',NULL),(296,24,8,4.00,'2025-01-21 22:48:30','cc',NULL),(297,24,8,19.00,'2025-01-21 22:48:30','tp',NULL),(298,24,8,9.00,'2025-01-21 22:48:30','exam',NULL),(299,24,8,1.00,'2025-01-21 22:48:30','rattrapage',NULL),(300,24,9,5.00,'2025-01-21 22:48:30','cc',NULL),(301,24,9,13.00,'2025-01-21 22:48:30','tp',NULL),(302,24,9,6.00,'2025-01-21 22:48:30','exam',NULL),(303,24,9,7.00,'2025-01-21 22:48:30','rattrapage',NULL),(304,24,10,18.00,'2025-01-21 22:48:30','cc',NULL),(305,24,10,20.00,'2025-01-21 22:48:30','tp',NULL),(306,24,10,14.00,'2025-01-21 22:48:30','exam',NULL),(307,24,11,4.00,'2025-01-21 22:48:30','cc',NULL),(308,24,11,14.00,'2025-01-21 22:48:30','tp',NULL),(309,24,11,5.00,'2025-01-21 22:48:30','exam',NULL),(310,24,11,16.00,'2025-01-21 22:48:30','rattrapage',NULL),(311,24,12,10.00,'2025-01-21 22:48:30','cc',NULL),(312,24,12,16.00,'2025-01-21 22:48:30','tp',NULL),(313,24,12,5.00,'2025-01-21 22:48:30','exam',NULL),(314,24,12,13.00,'2025-01-21 22:48:30','rattrapage',NULL),(315,24,13,14.00,'2025-01-21 22:48:30','cc',NULL),(316,24,13,9.00,'2025-01-21 22:48:30','tp',NULL),(317,24,13,14.00,'2025-01-21 22:48:30','exam',NULL),(318,24,14,3.00,'2025-01-21 22:48:30','cc',NULL),(319,24,14,15.00,'2025-01-21 22:48:30','tp',NULL),(320,24,14,14.00,'2025-01-21 22:48:30','exam',NULL),(321,26,1,16.00,'2025-01-21 22:48:30','cc',NULL),(322,26,1,5.00,'2025-01-21 22:48:30','tp',NULL),(323,26,1,18.00,'2025-01-21 22:48:30','exam',NULL),(324,26,2,12.00,'2025-01-21 22:48:30','cc',NULL),(325,26,2,6.00,'2025-01-21 22:48:30','tp',NULL),(326,26,2,2.00,'2025-01-21 22:48:30','exam',NULL),(327,26,2,4.00,'2025-01-21 22:48:30','rattrapage',NULL),(328,26,3,18.00,'2025-01-21 22:48:30','cc',NULL),(329,26,3,5.00,'2025-01-21 22:48:30','tp',NULL),(330,26,3,0.00,'2025-01-21 22:48:30','exam',NULL),(331,26,3,7.00,'2025-01-21 22:48:30','rattrapage',NULL),(332,26,4,11.00,'2025-01-21 22:48:30','cc',NULL),(333,26,4,9.00,'2025-01-21 22:48:30','tp',NULL),(334,26,4,6.00,'2025-01-21 22:48:30','exam',NULL),(335,26,4,11.00,'2025-01-21 22:48:30','rattrapage',NULL),(336,26,5,19.00,'2025-01-21 22:48:30','cc',NULL),(337,26,5,3.00,'2025-01-21 22:48:30','tp',NULL),(338,26,5,0.00,'2025-01-21 22:48:31','exam',NULL),(339,26,5,2.00,'2025-01-21 22:48:31','rattrapage',NULL),(340,26,6,18.00,'2025-01-21 22:48:31','cc',NULL),(341,26,6,3.00,'2025-01-21 22:48:31','tp',NULL),(342,26,6,14.00,'2025-01-21 22:48:31','exam',NULL),(343,26,7,11.00,'2025-01-21 22:48:31','cc',NULL),(344,26,7,4.00,'2025-01-21 22:48:31','tp',NULL),(345,26,7,1.00,'2025-01-21 22:48:31','exam',NULL),(346,26,7,16.00,'2025-01-21 22:48:31','rattrapage',NULL),(347,28,22,4.00,'2025-01-21 22:48:31','cc',NULL),(348,28,22,10.00,'2025-01-21 22:48:31','tp',NULL),(349,28,22,10.00,'2025-01-21 22:48:31','exam',NULL),(350,28,22,11.00,'2025-01-21 22:48:31','rattrapage',NULL),(351,28,23,9.00,'2025-01-21 22:48:31','cc',NULL),(352,28,23,15.00,'2025-01-21 22:48:31','tp',NULL),(353,28,23,8.00,'2025-01-21 22:48:31','exam',NULL),(354,28,23,14.00,'2025-01-21 22:48:31','rattrapage',NULL),(355,28,24,13.00,'2025-01-21 22:48:31','cc',NULL),(356,28,24,14.00,'2025-01-21 22:48:31','tp',NULL),(357,28,24,0.00,'2025-01-21 22:48:31','exam',NULL),(358,28,24,1.00,'2025-01-21 22:48:31','rattrapage',NULL),(359,28,25,8.00,'2025-01-21 22:48:31','cc',NULL),(360,28,25,1.00,'2025-01-21 22:48:31','tp',NULL),(361,28,25,20.00,'2025-01-21 22:48:31','exam',NULL),(362,28,26,18.00,'2025-01-21 22:48:31','cc',NULL),(363,28,26,16.00,'2025-01-21 22:48:31','tp',NULL),(364,28,26,3.00,'2025-01-21 22:48:31','exam',NULL),(365,28,26,6.00,'2025-01-21 22:48:31','rattrapage',NULL),(366,28,27,12.00,'2025-01-21 22:48:31','cc',NULL),(367,28,27,12.00,'2025-01-21 22:48:31','tp',NULL),(368,28,27,14.00,'2025-01-21 22:48:31','exam',NULL),(369,28,28,5.00,'2025-01-21 22:48:31','cc',NULL),(370,28,28,16.00,'2025-01-21 22:48:31','tp',NULL),(371,28,28,0.00,'2025-01-21 22:48:31','exam',NULL),(372,28,28,8.00,'2025-01-21 22:48:31','rattrapage',NULL),(373,30,8,11.00,'2025-01-21 22:48:31','cc',NULL),(374,30,8,12.00,'2025-01-21 22:48:31','tp',NULL),(375,30,8,7.00,'2025-01-21 22:48:31','exam',NULL),(376,30,8,16.00,'2025-01-21 22:48:31','rattrapage',NULL),(377,30,9,4.00,'2025-01-21 22:48:31','cc',NULL),(378,30,9,5.00,'2025-01-21 22:48:31','tp',NULL),(379,30,9,14.00,'2025-01-21 22:48:31','exam',NULL),(380,30,10,15.00,'2025-01-21 22:48:31','cc',NULL),(381,30,10,16.00,'2025-01-21 22:48:31','tp',NULL),(382,30,10,16.00,'2025-01-21 22:48:31','exam',NULL),(383,30,11,1.00,'2025-01-21 22:48:31','cc',NULL),(384,30,11,14.00,'2025-01-21 22:48:31','tp',NULL),(385,30,11,10.00,'2025-01-21 22:48:31','exam',NULL),(386,30,11,11.00,'2025-01-21 22:48:31','rattrapage',NULL),(387,30,12,11.00,'2025-01-21 22:48:31','cc',NULL),(388,30,12,5.00,'2025-01-21 22:48:31','tp',NULL),(389,30,12,8.00,'2025-01-21 22:48:31','exam',NULL),(390,30,12,18.00,'2025-01-21 22:48:31','rattrapage',NULL),(391,30,13,11.00,'2025-01-21 22:48:31','cc',NULL),(392,30,13,19.00,'2025-01-21 22:48:31','tp',NULL),(393,30,13,9.00,'2025-01-21 22:48:31','exam',NULL),(394,30,13,6.00,'2025-01-21 22:48:31','rattrapage',NULL),(395,30,14,11.00,'2025-01-21 22:48:31','cc',NULL),(396,30,14,15.00,'2025-01-21 22:48:31','tp',NULL),(397,30,14,19.00,'2025-01-21 22:48:31','exam',NULL),(398,32,22,19.00,'2025-01-21 22:48:31','cc',NULL),(399,32,22,19.00,'2025-01-21 22:48:31','tp',NULL),(400,32,22,10.00,'2025-01-21 22:48:31','exam',NULL),(401,32,22,19.00,'2025-01-21 22:48:31','rattrapage',NULL),(402,32,23,8.00,'2025-01-21 22:48:31','cc',NULL),(403,32,23,14.00,'2025-01-21 22:48:31','tp',NULL),(404,32,23,3.00,'2025-01-21 22:48:31','exam',NULL),(405,32,23,4.00,'2025-01-21 22:48:31','rattrapage',NULL),(406,32,24,11.00,'2025-01-21 22:48:31','cc',NULL),(407,32,24,19.00,'2025-01-21 22:48:31','tp',NULL),(408,32,24,7.00,'2025-01-21 22:48:31','exam',NULL),(409,32,24,9.00,'2025-01-21 22:48:31','rattrapage',NULL),(410,32,25,20.00,'2025-01-21 22:48:31','cc',NULL),(411,32,25,12.00,'2025-01-21 22:48:31','tp',NULL),(412,32,25,15.00,'2025-01-21 22:48:31','exam',NULL),(413,32,26,5.00,'2025-01-21 22:48:31','cc',NULL),(414,32,26,20.00,'2025-01-21 22:48:31','tp',NULL),(415,32,26,8.00,'2025-01-21 22:48:31','exam',NULL),(416,32,26,7.00,'2025-01-21 22:48:31','rattrapage',NULL),(417,32,27,16.00,'2025-01-21 22:48:31','cc',NULL),(418,32,27,16.00,'2025-01-21 22:48:31','tp',NULL),(419,32,27,9.00,'2025-01-21 22:48:31','exam',NULL),(420,32,27,8.00,'2025-01-21 22:48:31','rattrapage',NULL),(421,32,28,6.00,'2025-01-21 22:48:31','cc',NULL),(422,32,28,3.00,'2025-01-21 22:48:31','tp',NULL),(423,32,28,9.00,'2025-01-21 22:48:31','exam',NULL),(424,32,28,6.00,'2025-01-21 22:48:31','rattrapage',NULL),(425,34,15,6.00,'2025-01-21 22:48:31','cc',NULL),(426,34,15,14.00,'2025-01-21 22:48:31','tp',NULL),(427,34,15,6.00,'2025-01-21 22:48:31','exam',NULL),(428,34,15,6.00,'2025-01-21 22:48:31','rattrapage',NULL),(429,34,16,9.00,'2025-01-21 22:48:31','cc',NULL),(430,34,16,5.00,'2025-01-21 22:48:31','tp',NULL),(431,34,16,14.00,'2025-01-21 22:48:31','exam',NULL),(432,34,17,2.00,'2025-01-21 22:48:31','cc',NULL),(433,34,17,15.00,'2025-01-21 22:48:31','tp',NULL),(434,34,17,12.00,'2025-01-21 22:48:31','exam',NULL),(435,34,18,18.00,'2025-01-21 22:48:31','cc',NULL),(436,34,18,18.00,'2025-01-21 22:48:31','tp',NULL),(437,34,18,6.00,'2025-01-21 22:48:31','exam',NULL),(438,34,18,5.00,'2025-01-21 22:48:31','rattrapage',NULL),(439,34,19,3.00,'2025-01-21 22:48:31','cc',NULL),(440,34,19,13.00,'2025-01-21 22:48:31','tp',NULL),(441,34,19,0.00,'2025-01-21 22:48:31','exam',NULL),(442,34,19,20.00,'2025-01-21 22:48:31','rattrapage',NULL),(443,34,20,6.00,'2025-01-21 22:48:31','cc',NULL),(444,34,20,16.00,'2025-01-21 22:48:31','tp',NULL),(445,34,20,13.00,'2025-01-21 22:48:31','exam',NULL),(446,34,21,20.00,'2025-01-21 22:48:31','cc',NULL),(447,34,21,0.00,'2025-01-21 22:48:31','tp',NULL),(448,34,21,20.00,'2025-01-21 22:48:31','exam',NULL),(449,36,22,1.00,'2025-01-21 22:48:31','cc',NULL),(450,36,22,14.00,'2025-01-21 22:48:31','tp',NULL),(451,36,22,13.00,'2025-01-21 22:48:31','exam',NULL),(452,36,23,7.00,'2025-01-21 22:48:31','cc',NULL),(453,36,23,13.00,'2025-01-21 22:48:31','tp',NULL),(454,36,23,15.00,'2025-01-21 22:48:31','exam',NULL),(455,36,24,14.00,'2025-01-21 22:48:31','cc',NULL),(456,36,24,16.00,'2025-01-21 22:48:31','tp',NULL),(457,36,24,2.00,'2025-01-21 22:48:31','exam',NULL),(458,36,24,19.00,'2025-01-21 22:48:31','rattrapage',NULL),(459,36,25,10.00,'2025-01-21 22:48:31','cc',NULL),(460,36,25,8.00,'2025-01-21 22:48:31','tp',NULL),(461,36,25,14.00,'2025-01-21 22:48:31','exam',NULL),(462,36,26,9.00,'2025-01-21 22:48:31','cc',NULL),(463,36,26,4.00,'2025-01-21 22:48:31','tp',NULL),(464,36,26,2.00,'2025-01-21 22:48:31','exam',NULL),(465,36,26,16.00,'2025-01-21 22:48:31','rattrapage',NULL),(466,36,27,6.00,'2025-01-21 22:48:31','cc',NULL),(467,36,27,9.00,'2025-01-21 22:48:31','tp',NULL),(468,36,27,7.00,'2025-01-21 22:48:31','exam',NULL),(469,36,27,2.00,'2025-01-21 22:48:31','rattrapage',NULL),(470,36,28,12.00,'2025-01-21 22:48:31','cc',NULL),(471,36,28,17.00,'2025-01-21 22:48:31','tp',NULL),(472,36,28,1.00,'2025-01-21 22:48:31','exam',NULL),(473,36,28,16.00,'2025-01-21 22:48:31','rattrapage',NULL),(474,38,8,14.00,'2025-01-21 22:48:31','cc',NULL),(475,38,8,3.00,'2025-01-21 22:48:31','tp',NULL),(476,38,8,1.00,'2025-01-21 22:48:31','exam',NULL),(477,38,8,11.00,'2025-01-21 22:48:31','rattrapage',NULL),(478,38,9,20.00,'2025-01-21 22:48:31','cc',NULL),(479,38,9,6.00,'2025-01-21 22:48:31','tp',NULL),(480,38,9,14.00,'2025-01-21 22:48:31','exam',NULL),(481,38,10,12.00,'2025-01-21 22:48:31','cc',NULL),(482,38,10,2.00,'2025-01-21 22:48:31','tp',NULL),(483,38,10,15.00,'2025-01-21 22:48:31','exam',NULL),(484,38,11,2.00,'2025-01-21 22:48:31','cc',NULL),(485,38,11,5.00,'2025-01-21 22:48:31','tp',NULL),(486,38,11,18.00,'2025-01-21 22:48:31','exam',NULL),(487,38,12,19.00,'2025-01-21 22:48:31','cc',NULL),(488,38,12,0.00,'2025-01-21 22:48:31','tp',NULL),(489,38,12,3.00,'2025-01-21 22:48:31','exam',NULL),(490,38,12,3.00,'2025-01-21 22:48:31','rattrapage',NULL),(491,38,13,1.00,'2025-01-21 22:48:31','cc',NULL),(492,38,13,16.00,'2025-01-21 22:48:31','tp',NULL),(493,38,13,12.00,'2025-01-21 22:48:31','exam',NULL),(494,38,14,1.00,'2025-01-21 22:48:31','cc',NULL),(495,38,14,19.00,'2025-01-21 22:48:31','tp',NULL),(496,38,14,7.00,'2025-01-21 22:48:31','exam',NULL),(497,38,14,4.00,'2025-01-21 22:48:31','rattrapage',NULL),(498,40,22,8.00,'2025-01-21 22:48:31','cc',NULL),(499,40,22,5.00,'2025-01-21 22:48:31','tp',NULL),(500,40,22,5.00,'2025-01-21 22:48:31','exam',NULL),(501,40,22,1.00,'2025-01-21 22:48:31','rattrapage',NULL),(502,40,23,2.00,'2025-01-21 22:48:31','cc',NULL),(503,40,23,20.00,'2025-01-21 22:48:31','tp',NULL),(504,40,23,17.00,'2025-01-21 22:48:31','exam',NULL),(505,40,24,18.00,'2025-01-21 22:48:31','cc',NULL),(506,40,24,15.00,'2025-01-21 22:48:31','tp',NULL),(507,40,24,3.00,'2025-01-21 22:48:31','exam',NULL),(508,40,24,1.00,'2025-01-21 22:48:31','rattrapage',NULL),(509,40,25,4.00,'2025-01-21 22:48:31','cc',NULL),(510,40,25,8.00,'2025-01-21 22:48:31','tp',NULL),(511,40,25,17.00,'2025-01-21 22:48:31','exam',NULL),(512,40,26,17.00,'2025-01-21 22:48:31','cc',NULL),(513,40,26,8.00,'2025-01-21 22:48:31','tp',NULL),(514,40,26,13.00,'2025-01-21 22:48:31','exam',NULL),(515,40,27,7.00,'2025-01-21 22:48:31','cc',NULL),(516,40,27,14.00,'2025-01-21 22:48:31','tp',NULL),(517,40,27,15.00,'2025-01-21 22:48:31','exam',NULL),(518,40,28,10.00,'2025-01-21 22:48:31','cc',NULL),(519,40,28,7.00,'2025-01-21 22:48:31','tp',NULL),(520,40,28,17.00,'2025-01-21 22:48:31','exam',NULL),(521,42,1,10.00,'2025-01-21 22:48:31','cc',NULL),(522,42,1,3.00,'2025-01-21 22:48:31','tp',NULL),(523,42,1,15.00,'2025-01-21 22:48:31','exam',NULL),(524,42,2,14.00,'2025-01-21 22:48:31','cc',NULL),(525,42,2,7.00,'2025-01-21 22:48:31','tp',NULL),(526,42,2,2.00,'2025-01-21 22:48:31','exam',NULL),(527,42,2,15.00,'2025-01-21 22:48:31','rattrapage',NULL),(528,42,3,18.00,'2025-01-21 22:48:31','cc',NULL),(529,42,3,12.00,'2025-01-21 22:48:31','tp',NULL),(530,42,3,2.00,'2025-01-21 22:48:31','exam',NULL),(531,42,3,5.00,'2025-01-21 22:48:31','rattrapage',NULL),(532,42,4,12.00,'2025-01-21 22:48:31','cc',NULL),(533,42,4,9.00,'2025-01-21 22:48:31','tp',NULL),(534,42,4,11.00,'2025-01-21 22:48:31','exam',NULL),(535,42,4,11.00,'2025-01-21 22:48:31','rattrapage',NULL),(536,42,5,4.00,'2025-01-21 22:48:31','cc',NULL),(537,42,5,13.00,'2025-01-21 22:48:31','tp',NULL),(538,42,5,9.00,'2025-01-21 22:48:31','exam',NULL),(539,42,5,13.00,'2025-01-21 22:48:31','rattrapage',NULL),(540,42,6,10.00,'2025-01-21 22:48:31','cc',NULL),(541,42,6,11.00,'2025-01-21 22:48:31','tp',NULL),(542,42,6,11.00,'2025-01-21 22:48:31','exam',NULL),(543,42,6,12.00,'2025-01-21 22:48:31','rattrapage',NULL),(544,42,7,17.00,'2025-01-21 22:48:31','cc',NULL),(545,42,7,1.00,'2025-01-21 22:48:31','tp',NULL),(546,42,7,10.00,'2025-01-21 22:48:31','exam',NULL),(547,42,7,11.00,'2025-01-21 22:48:31','rattrapage',NULL),(548,44,22,15.00,'2025-01-21 22:48:31','cc',NULL),(549,44,22,3.00,'2025-01-21 22:48:31','tp',NULL),(550,44,22,5.00,'2025-01-21 22:48:31','exam',NULL),(551,44,22,15.00,'2025-01-21 22:48:31','rattrapage',NULL),(552,44,23,20.00,'2025-01-21 22:48:31','cc',NULL),(553,44,23,2.00,'2025-01-21 22:48:31','tp',NULL),(554,44,23,15.00,'2025-01-21 22:48:31','exam',NULL),(555,44,24,10.00,'2025-01-21 22:48:31','cc',NULL),(556,44,24,4.00,'2025-01-21 22:48:31','tp',NULL),(557,44,24,10.00,'2025-01-21 22:48:31','exam',NULL),(558,44,24,11.00,'2025-01-21 22:48:31','rattrapage',NULL),(559,44,25,8.00,'2025-01-21 22:48:31','cc',NULL),(560,44,25,18.00,'2025-01-21 22:48:31','tp',NULL),(561,44,25,2.00,'2025-01-21 22:48:31','exam',NULL),(562,44,25,10.00,'2025-01-21 22:48:31','rattrapage',NULL),(563,44,26,5.00,'2025-01-21 22:48:31','cc',NULL),(564,44,26,14.00,'2025-01-21 22:48:31','tp',NULL),(565,44,26,5.00,'2025-01-21 22:48:31','exam',NULL),(566,44,26,18.00,'2025-01-21 22:48:31','rattrapage',NULL),(567,44,27,6.00,'2025-01-21 22:48:31','cc',NULL),(568,44,27,8.00,'2025-01-21 22:48:31','tp',NULL),(569,44,27,14.00,'2025-01-21 22:48:31','exam',NULL),(570,44,28,11.00,'2025-01-21 22:48:31','cc',NULL),(571,44,28,19.00,'2025-01-21 22:48:31','tp',NULL),(572,44,28,20.00,'2025-01-21 22:48:31','exam',NULL),(573,46,1,16.00,'2025-01-21 22:48:31','cc',NULL),(574,46,1,14.00,'2025-01-21 22:48:31','tp',NULL),(575,46,1,17.00,'2025-01-21 22:48:31','exam',NULL),(576,46,2,15.00,'2025-01-21 22:48:31','cc',NULL),(577,46,2,5.00,'2025-01-21 22:48:31','tp',NULL),(578,46,2,13.00,'2025-01-21 22:48:31','exam',NULL),(579,46,3,18.00,'2025-01-21 22:48:31','cc',NULL),(580,46,3,7.00,'2025-01-21 22:48:31','tp',NULL),(581,46,3,18.00,'2025-01-21 22:48:31','exam',NULL),(582,46,4,11.00,'2025-01-21 22:48:31','cc',NULL),(583,46,4,17.00,'2025-01-21 22:48:31','tp',NULL),(584,46,4,14.00,'2025-01-21 22:48:31','exam',NULL),(585,46,5,2.00,'2025-01-21 22:48:31','cc',NULL),(586,46,5,9.00,'2025-01-21 22:48:31','tp',NULL),(587,46,5,15.00,'2025-01-21 22:48:31','exam',NULL),(588,46,6,0.00,'2025-01-21 22:48:31','cc',NULL),(589,46,6,7.00,'2025-01-21 22:48:31','tp',NULL),(590,46,6,8.00,'2025-01-21 22:48:31','exam',NULL),(591,46,6,13.00,'2025-01-21 22:48:31','rattrapage',NULL),(592,46,7,19.00,'2025-01-21 22:48:31','cc',NULL),(593,46,7,9.00,'2025-01-21 22:48:31','tp',NULL),(594,46,7,1.00,'2025-01-21 22:48:31','exam',NULL),(595,46,7,11.00,'2025-01-21 22:48:31','rattrapage',NULL),(596,48,1,4.00,'2025-01-21 22:48:31','cc',NULL),(597,48,1,19.00,'2025-01-21 22:48:31','tp',NULL),(598,48,1,8.00,'2025-01-21 22:48:31','exam',NULL),(599,48,1,8.00,'2025-01-21 22:48:31','rattrapage',NULL),(600,48,2,7.00,'2025-01-21 22:48:31','cc',NULL),(601,48,2,18.00,'2025-01-21 22:48:31','tp',NULL),(602,48,2,9.00,'2025-01-21 22:48:31','exam',NULL),(603,48,2,18.00,'2025-01-21 22:48:31','rattrapage',NULL),(604,48,3,12.00,'2025-01-21 22:48:31','cc',NULL),(605,48,3,10.00,'2025-01-21 22:48:31','tp',NULL),(606,48,3,13.00,'2025-01-21 22:48:31','exam',NULL),(607,48,4,19.00,'2025-01-21 22:48:31','cc',NULL),(608,48,4,2.00,'2025-01-21 22:48:31','tp',NULL),(609,48,4,14.00,'2025-01-21 22:48:31','exam',NULL),(610,48,5,12.00,'2025-01-21 22:48:31','cc',NULL),(611,48,5,9.00,'2025-01-21 22:48:31','tp',NULL),(612,48,5,0.00,'2025-01-21 22:48:31','exam',NULL),(613,48,5,19.00,'2025-01-21 22:48:31','rattrapage',NULL),(614,48,6,6.00,'2025-01-21 22:48:31','cc',NULL),(615,48,6,12.00,'2025-01-21 22:48:31','tp',NULL),(616,48,6,6.00,'2025-01-21 22:48:31','exam',NULL),(617,48,6,11.00,'2025-01-21 22:48:31','rattrapage',NULL),(618,48,7,19.00,'2025-01-21 22:48:31','cc',NULL),(619,48,7,10.00,'2025-01-21 22:48:31','tp',NULL),(620,48,7,1.00,'2025-01-21 22:48:31','exam',NULL),(621,48,7,7.00,'2025-01-21 22:48:31','rattrapage',NULL),(622,50,1,18.00,'2025-01-21 22:48:31','cc',NULL),(623,50,1,19.00,'2025-01-21 22:48:31','tp',NULL),(624,50,1,5.00,'2025-01-21 22:48:31','exam',NULL),(625,50,1,6.00,'2025-01-21 22:48:31','rattrapage',NULL),(626,50,2,20.00,'2025-01-21 22:48:31','cc',NULL),(627,50,2,10.00,'2025-01-21 22:48:31','tp',NULL),(628,50,2,0.00,'2025-01-21 22:48:31','exam',NULL),(629,50,2,14.00,'2025-01-21 22:48:31','rattrapage',NULL),(630,50,3,11.00,'2025-01-21 22:48:31','cc',NULL),(631,50,3,18.00,'2025-01-21 22:48:31','tp',NULL),(632,50,3,20.00,'2025-01-21 22:48:31','exam',NULL),(633,50,4,0.00,'2025-01-21 22:48:31','cc',NULL),(634,50,4,13.00,'2025-01-21 22:48:31','tp',NULL),(635,50,4,8.00,'2025-01-21 22:48:31','exam',NULL),(636,50,4,1.00,'2025-01-21 22:48:31','rattrapage',NULL),(637,50,5,7.00,'2025-01-21 22:48:31','cc',NULL),(638,50,5,15.00,'2025-01-21 22:48:31','tp',NULL),(639,50,5,10.00,'2025-01-21 22:48:31','exam',NULL),(640,50,5,11.00,'2025-01-21 22:48:31','rattrapage',NULL),(641,50,6,2.00,'2025-01-21 22:48:31','cc',NULL),(642,50,6,18.00,'2025-01-21 22:48:31','tp',NULL),(643,50,6,7.00,'2025-01-21 22:48:31','exam',NULL),(644,50,6,2.00,'2025-01-21 22:48:31','rattrapage',NULL),(645,50,7,19.00,'2025-01-21 22:48:31','cc',NULL),(646,50,7,3.00,'2025-01-21 22:48:31','tp',NULL),(647,50,7,9.00,'2025-01-21 22:48:31','exam',NULL),(648,50,7,2.00,'2025-01-21 22:48:31','rattrapage',NULL),(649,52,8,4.00,'2025-01-21 22:48:31','cc',NULL),(650,52,8,11.00,'2025-01-21 22:48:31','tp',NULL),(651,52,8,3.00,'2025-01-21 22:48:31','exam',NULL),(652,52,8,11.00,'2025-01-21 22:48:31','rattrapage',NULL),(653,52,9,20.00,'2025-01-21 22:48:31','cc',NULL),(654,52,9,2.00,'2025-01-21 22:48:31','tp',NULL),(655,52,9,13.00,'2025-01-21 22:48:31','exam',NULL),(656,52,10,10.00,'2025-01-21 22:48:31','cc',NULL),(657,52,10,19.00,'2025-01-21 22:48:31','tp',NULL),(658,52,10,17.00,'2025-01-21 22:48:31','exam',NULL),(659,52,11,5.00,'2025-01-21 22:48:31','cc',NULL),(660,52,11,14.00,'2025-01-21 22:48:31','tp',NULL),(661,52,11,7.00,'2025-01-21 22:48:31','exam',NULL),(662,52,11,14.00,'2025-01-21 22:48:31','rattrapage',NULL),(663,52,12,14.00,'2025-01-21 22:48:31','cc',NULL),(664,52,12,6.00,'2025-01-21 22:48:31','tp',NULL),(665,52,12,2.00,'2025-01-21 22:48:31','exam',NULL),(666,52,12,10.00,'2025-01-21 22:48:31','rattrapage',NULL),(667,52,13,14.00,'2025-01-21 22:48:31','cc',NULL),(668,52,13,17.00,'2025-01-21 22:48:31','tp',NULL),(669,52,13,2.00,'2025-01-21 22:48:31','exam',NULL),(670,52,13,6.00,'2025-01-21 22:48:31','rattrapage',NULL),(671,52,14,0.00,'2025-01-21 22:48:31','cc',NULL),(672,52,14,9.00,'2025-01-21 22:48:31','tp',NULL),(673,52,14,20.00,'2025-01-21 22:48:31','exam',NULL),(674,55,22,2.00,'2025-01-21 22:48:31','cc',NULL),(675,55,22,7.00,'2025-01-21 22:48:31','tp',NULL),(676,55,22,17.00,'2025-01-21 22:48:31','exam',NULL),(677,55,23,10.00,'2025-01-21 22:48:31','cc',NULL),(678,55,23,10.00,'2025-01-21 22:48:31','tp',NULL),(679,55,23,1.00,'2025-01-21 22:48:31','exam',NULL),(680,55,23,19.00,'2025-01-21 22:48:31','rattrapage',NULL),(681,55,24,11.00,'2025-01-21 22:48:31','cc',NULL),(682,55,24,20.00,'2025-01-21 22:48:31','tp',NULL),(683,55,24,12.00,'2025-01-21 22:48:31','exam',NULL),(684,55,25,17.00,'2025-01-21 22:48:31','cc',NULL),(685,55,25,5.00,'2025-01-21 22:48:31','tp',NULL),(686,55,25,20.00,'2025-01-21 22:48:31','exam',NULL),(687,55,26,16.00,'2025-01-21 22:48:31','cc',NULL),(688,55,26,20.00,'2025-01-21 22:48:31','tp',NULL),(689,55,26,16.00,'2025-01-21 22:48:31','exam',NULL),(690,55,27,4.00,'2025-01-21 22:48:31','cc',NULL),(691,55,27,11.00,'2025-01-21 22:48:31','tp',NULL),(692,55,27,6.00,'2025-01-21 22:48:31','exam',NULL),(693,55,27,17.00,'2025-01-21 22:48:31','rattrapage',NULL),(694,55,28,18.00,'2025-01-21 22:48:31','cc',NULL),(695,55,28,17.00,'2025-01-21 22:48:31','tp',NULL),(696,55,28,0.00,'2025-01-21 22:48:31','exam',NULL),(697,55,28,2.00,'2025-01-21 22:48:31','rattrapage',NULL),(698,57,8,5.00,'2025-01-21 22:48:31','cc',NULL),(699,57,8,7.00,'2025-01-21 22:48:31','tp',NULL),(700,57,8,3.00,'2025-01-21 22:48:31','exam',NULL),(701,57,8,7.00,'2025-01-21 22:48:31','rattrapage',NULL),(702,57,9,13.00,'2025-01-21 22:48:31','cc',NULL),(703,57,9,5.00,'2025-01-21 22:48:31','tp',NULL),(704,57,9,6.00,'2025-01-21 22:48:31','exam',NULL),(705,57,9,10.00,'2025-01-21 22:48:31','rattrapage',NULL),(706,57,10,0.00,'2025-01-21 22:48:31','cc',NULL),(707,57,10,16.00,'2025-01-21 22:48:31','tp',NULL),(708,57,10,12.00,'2025-01-21 22:48:31','exam',NULL),(709,57,11,18.00,'2025-01-21 22:48:31','cc',NULL),(710,57,11,3.00,'2025-01-21 22:48:31','tp',NULL),(711,57,11,17.00,'2025-01-21 22:48:31','exam',NULL),(712,57,12,14.00,'2025-01-21 22:48:31','cc',NULL),(713,57,12,17.00,'2025-01-21 22:48:31','tp',NULL),(714,57,12,6.00,'2025-01-21 22:48:31','exam',NULL),(715,57,12,5.00,'2025-01-21 22:48:31','rattrapage',NULL),(716,57,13,11.00,'2025-01-21 22:48:31','cc',NULL),(717,57,13,13.00,'2025-01-21 22:48:31','tp',NULL),(718,57,13,11.00,'2025-01-21 22:48:31','exam',NULL),(719,57,13,14.00,'2025-01-21 22:48:31','rattrapage',NULL),(720,57,14,1.00,'2025-01-21 22:48:31','cc',NULL),(721,57,14,16.00,'2025-01-21 22:48:31','tp',NULL),(722,57,14,0.00,'2025-01-21 22:48:31','exam',NULL),(723,57,14,15.00,'2025-01-21 22:48:31','rattrapage',NULL),(724,59,8,20.00,'2025-01-21 22:48:31','cc',NULL),(725,59,8,11.00,'2025-01-21 22:48:31','tp',NULL),(726,59,8,15.00,'2025-01-21 22:48:31','exam',NULL),(727,59,9,6.00,'2025-01-21 22:48:31','cc',NULL),(728,59,9,7.00,'2025-01-21 22:48:31','tp',NULL),(729,59,9,8.00,'2025-01-21 22:48:31','exam',NULL),(730,59,9,20.00,'2025-01-21 22:48:31','rattrapage',NULL),(731,59,10,5.00,'2025-01-21 22:48:31','cc',NULL),(732,59,10,5.00,'2025-01-21 22:48:31','tp',NULL),(733,59,10,13.00,'2025-01-21 22:48:31','exam',NULL),(734,59,11,9.00,'2025-01-21 22:48:31','cc',NULL),(735,59,11,6.00,'2025-01-21 22:48:31','tp',NULL),(736,59,11,8.00,'2025-01-21 22:48:31','exam',NULL),(737,59,11,14.00,'2025-01-21 22:48:31','rattrapage',NULL),(738,59,12,17.00,'2025-01-21 22:48:31','cc',NULL),(739,59,12,17.00,'2025-01-21 22:48:31','tp',NULL),(740,59,12,4.00,'2025-01-21 22:48:31','exam',NULL),(741,59,12,13.00,'2025-01-21 22:48:31','rattrapage',NULL),(742,59,13,5.00,'2025-01-21 22:48:31','cc',NULL),(743,59,13,15.00,'2025-01-21 22:48:31','tp',NULL),(744,59,13,3.00,'2025-01-21 22:48:31','exam',NULL),(745,59,13,20.00,'2025-01-21 22:48:31','rattrapage',NULL),(746,59,14,1.00,'2025-01-21 22:48:31','cc',NULL),(747,59,14,17.00,'2025-01-21 22:48:31','tp',NULL),(748,59,14,14.00,'2025-01-21 22:48:31','exam',NULL),(749,61,1,16.00,'2025-01-21 22:48:31','cc',NULL),(750,61,1,3.00,'2025-01-21 22:48:31','tp',NULL),(751,61,1,9.00,'2025-01-21 22:48:31','exam',NULL),(752,61,1,18.00,'2025-01-21 22:48:31','rattrapage',NULL),(753,61,2,15.00,'2025-01-21 22:48:31','cc',NULL),(754,61,2,6.00,'2025-01-21 22:48:31','tp',NULL),(755,61,2,10.00,'2025-01-21 22:48:31','exam',NULL),(756,61,2,16.00,'2025-01-21 22:48:31','rattrapage',NULL),(757,61,3,4.00,'2025-01-21 22:48:31','cc',NULL),(758,61,3,15.00,'2025-01-21 22:48:31','tp',NULL),(759,61,3,7.00,'2025-01-21 22:48:31','exam',NULL),(760,61,3,18.00,'2025-01-21 22:48:31','rattrapage',NULL),(761,61,4,16.00,'2025-01-21 22:48:31','cc',NULL),(762,61,4,9.00,'2025-01-21 22:48:31','tp',NULL),(763,61,4,9.00,'2025-01-21 22:48:31','exam',NULL),(764,61,4,5.00,'2025-01-21 22:48:31','rattrapage',NULL),(765,61,5,11.00,'2025-01-21 22:48:31','cc',NULL),(766,61,5,6.00,'2025-01-21 22:48:31','tp',NULL),(767,61,5,3.00,'2025-01-21 22:48:31','exam',NULL),(768,61,5,19.00,'2025-01-21 22:48:31','rattrapage','2025-01-22 00:52:00'),(769,61,6,0.00,'2025-01-21 22:48:31','cc',NULL),(770,61,6,20.00,'2025-01-21 22:48:31','tp',NULL),(771,61,6,7.00,'2025-01-21 22:48:31','exam',NULL),(772,61,6,9.00,'2025-01-21 22:48:31','rattrapage',NULL),(773,61,7,20.00,'2025-01-21 22:48:31','cc',NULL),(774,61,7,18.00,'2025-01-21 22:48:31','tp',NULL),(775,61,7,19.00,'2025-01-21 22:48:31','exam',NULL),(776,63,1,12.00,'2025-01-21 22:48:31','cc',NULL),(777,63,1,7.00,'2025-01-21 22:48:31','tp',NULL),(778,63,1,16.00,'2025-01-21 22:48:31','exam',NULL),(779,63,2,4.00,'2025-01-21 22:48:31','cc',NULL),(780,63,2,17.00,'2025-01-21 22:48:31','tp',NULL),(781,63,2,14.00,'2025-01-21 22:48:31','exam',NULL),(782,63,3,3.00,'2025-01-21 22:48:31','cc',NULL),(783,63,3,12.00,'2025-01-21 22:48:31','tp',NULL),(784,63,3,15.00,'2025-01-21 22:48:31','exam',NULL),(785,63,4,4.00,'2025-01-21 22:48:31','cc',NULL),(786,63,4,16.00,'2025-01-21 22:48:31','tp',NULL),(787,63,4,14.00,'2025-01-21 22:48:31','exam',NULL),(788,63,5,9.00,'2025-01-21 22:48:31','cc',NULL),(789,63,5,5.00,'2025-01-21 22:48:31','tp',NULL),(790,63,5,1.00,'2025-01-21 22:48:31','exam',NULL),(791,63,5,3.00,'2025-01-21 22:48:31','rattrapage',NULL),(792,63,6,15.00,'2025-01-21 22:48:31','cc',NULL),(793,63,6,16.00,'2025-01-21 22:48:31','tp',NULL),(794,63,6,17.00,'2025-01-21 22:48:31','exam',NULL),(795,63,7,7.00,'2025-01-21 22:48:31','cc',NULL),(796,63,7,9.00,'2025-01-21 22:48:31','tp',NULL),(797,63,7,11.00,'2025-01-21 22:48:31','exam',NULL),(798,63,7,15.00,'2025-01-21 22:48:31','rattrapage',NULL),(799,65,15,8.00,'2025-01-21 22:48:31','cc',NULL),(800,65,15,11.00,'2025-01-21 22:48:31','tp',NULL),(801,65,15,13.00,'2025-01-21 22:48:31','exam',NULL),(802,65,16,12.00,'2025-01-21 22:48:31','cc',NULL),(803,65,16,0.00,'2025-01-21 22:48:31','tp',NULL),(804,65,16,9.00,'2025-01-21 22:48:31','exam',NULL),(805,65,16,16.00,'2025-01-21 22:48:31','rattrapage',NULL),(806,65,17,10.00,'2025-01-21 22:48:31','cc',NULL),(807,65,17,11.00,'2025-01-21 22:48:31','tp',NULL),(808,65,17,16.00,'2025-01-21 22:48:31','exam',NULL),(809,65,18,8.00,'2025-01-21 22:48:31','cc',NULL),(810,65,18,1.00,'2025-01-21 22:48:31','tp',NULL),(811,65,18,1.00,'2025-01-21 22:48:31','exam',NULL),(812,65,18,6.00,'2025-01-21 22:48:31','rattrapage',NULL),(813,65,19,0.00,'2025-01-21 22:48:31','cc',NULL),(814,65,19,1.00,'2025-01-21 22:48:31','tp',NULL),(815,65,19,10.00,'2025-01-21 22:48:31','exam',NULL),(816,65,19,18.00,'2025-01-21 22:48:31','rattrapage',NULL),(817,65,20,20.00,'2025-01-21 22:48:31','cc',NULL),(818,65,20,19.00,'2025-01-21 22:48:31','tp',NULL),(819,65,20,5.00,'2025-01-21 22:48:31','exam',NULL),(820,65,20,4.00,'2025-01-21 22:48:31','rattrapage',NULL),(821,65,21,8.00,'2025-01-21 22:48:31','cc',NULL),(822,65,21,3.00,'2025-01-21 22:48:31','tp',NULL),(823,65,21,4.00,'2025-01-21 22:48:31','exam',NULL),(824,65,21,2.00,'2025-01-21 22:48:31','rattrapage',NULL),(825,67,29,9.00,'2025-01-21 22:48:31','cc',NULL),(826,67,29,6.00,'2025-01-21 22:48:31','tp',NULL),(827,67,29,0.00,'2025-01-21 22:48:31','exam',NULL),(828,67,29,18.00,'2025-01-21 22:48:31','rattrapage',NULL),(829,67,30,2.00,'2025-01-21 22:48:31','cc',NULL),(830,67,30,1.00,'2025-01-21 22:48:31','tp',NULL),(831,67,30,2.00,'2025-01-21 22:48:31','exam',NULL),(832,67,30,12.00,'2025-01-21 22:48:31','rattrapage',NULL),(833,67,31,0.00,'2025-01-21 22:48:31','cc',NULL),(834,67,31,0.00,'2025-01-21 22:48:31','tp',NULL),(835,67,31,14.00,'2025-01-21 22:48:31','exam',NULL),(836,67,32,11.00,'2025-01-21 22:48:31','cc',NULL),(837,67,32,10.00,'2025-01-21 22:48:31','tp',NULL),(838,67,32,14.00,'2025-01-21 22:48:31','exam',NULL),(839,67,33,16.00,'2025-01-21 22:48:31','cc',NULL),(840,67,33,20.00,'2025-01-21 22:48:31','tp',NULL),(841,67,33,13.00,'2025-01-21 22:48:31','exam',NULL),(842,67,34,12.00,'2025-01-21 22:48:31','cc',NULL),(843,67,34,12.00,'2025-01-21 22:48:31','tp',NULL),(844,67,34,6.00,'2025-01-21 22:48:31','exam',NULL),(845,67,34,14.00,'2025-01-21 22:48:31','rattrapage',NULL),(846,67,35,15.00,'2025-01-21 22:48:31','cc',NULL),(847,67,35,16.00,'2025-01-21 22:48:31','tp',NULL),(848,67,35,8.00,'2025-01-21 22:48:31','exam',NULL),(849,67,35,20.00,'2025-01-21 22:48:31','rattrapage',NULL),(850,69,29,7.00,'2025-01-21 22:48:31','cc',NULL),(851,69,29,6.00,'2025-01-21 22:48:31','tp',NULL),(852,69,29,19.00,'2025-01-21 22:48:31','exam',NULL),(853,69,30,10.00,'2025-01-21 22:48:31','cc',NULL),(854,69,30,15.00,'2025-01-21 22:48:31','tp',NULL),(855,69,30,8.00,'2025-01-21 22:48:31','exam',NULL),(856,69,30,9.00,'2025-01-21 22:48:31','rattrapage',NULL),(857,69,31,8.00,'2025-01-21 22:48:31','cc',NULL),(858,69,31,15.00,'2025-01-21 22:48:31','tp',NULL),(859,69,31,7.00,'2025-01-21 22:48:31','exam',NULL),(860,69,31,17.00,'2025-01-21 22:48:31','rattrapage',NULL),(861,69,32,3.00,'2025-01-21 22:48:31','cc',NULL),(862,69,32,7.00,'2025-01-21 22:48:31','tp',NULL),(863,69,32,8.00,'2025-01-21 22:48:31','exam',NULL),(864,69,32,6.00,'2025-01-21 22:48:31','rattrapage',NULL),(865,69,33,3.00,'2025-01-21 22:48:31','cc',NULL),(866,69,33,9.00,'2025-01-21 22:48:31','tp',NULL),(867,69,33,12.00,'2025-01-21 22:48:31','exam',NULL),(868,69,34,19.00,'2025-01-21 22:48:31','cc',NULL),(869,69,34,7.00,'2025-01-21 22:48:31','tp',NULL),(870,69,34,20.00,'2025-01-21 22:48:31','exam',NULL),(871,69,35,5.00,'2025-01-21 22:48:31','cc',NULL),(872,69,35,11.00,'2025-01-21 22:48:31','tp',NULL),(873,69,35,5.00,'2025-01-21 22:48:31','exam',NULL),(874,69,35,9.00,'2025-01-21 22:48:31','rattrapage',NULL),(875,71,22,13.00,'2025-01-21 22:48:31','cc',NULL),(876,71,22,7.00,'2025-01-21 22:48:31','tp',NULL),(877,71,22,11.00,'2025-01-21 22:48:31','exam',NULL),(878,71,22,2.00,'2025-01-21 22:48:31','rattrapage',NULL),(879,71,23,6.00,'2025-01-21 22:48:31','cc',NULL),(880,71,23,15.00,'2025-01-21 22:48:31','tp',NULL),(881,71,23,1.00,'2025-01-21 22:48:31','exam',NULL),(882,71,23,20.00,'2025-01-21 22:48:31','rattrapage',NULL),(883,71,24,4.00,'2025-01-21 22:48:31','cc',NULL),(884,71,24,5.00,'2025-01-21 22:48:31','tp',NULL),(885,71,24,12.00,'2025-01-21 22:48:31','exam',NULL),(886,71,25,11.00,'2025-01-21 22:48:31','cc',NULL),(887,71,25,14.00,'2025-01-21 22:48:31','tp',NULL),(888,71,25,5.00,'2025-01-21 22:48:31','exam',NULL),(889,71,25,5.00,'2025-01-21 22:48:31','rattrapage',NULL),(890,71,26,0.00,'2025-01-21 22:48:31','cc',NULL),(891,71,26,20.00,'2025-01-21 22:48:31','tp',NULL),(892,71,26,4.00,'2025-01-21 22:48:31','exam',NULL),(893,71,26,18.00,'2025-01-21 22:48:31','rattrapage',NULL),(894,71,27,4.00,'2025-01-21 22:48:31','cc',NULL),(895,71,27,9.00,'2025-01-21 22:48:31','tp',NULL),(896,71,27,14.00,'2025-01-21 22:48:31','exam',NULL),(897,71,28,1.00,'2025-01-21 22:48:31','cc',NULL),(898,71,28,0.00,'2025-01-21 22:48:31','tp',NULL),(899,71,28,6.00,'2025-01-21 22:48:31','exam',NULL),(900,71,28,14.00,'2025-01-21 22:48:31','rattrapage',NULL),(901,73,8,12.00,'2025-01-21 22:48:31','cc',NULL),(902,73,8,9.00,'2025-01-21 22:48:31','tp',NULL),(903,73,8,20.00,'2025-01-21 22:48:31','exam',NULL),(904,73,9,7.00,'2025-01-21 22:48:31','cc',NULL),(905,73,9,10.00,'2025-01-21 22:48:31','tp',NULL),(906,73,9,13.00,'2025-01-21 22:48:31','exam',NULL),(907,73,10,4.00,'2025-01-21 22:48:31','cc',NULL),(908,73,10,17.00,'2025-01-21 22:48:31','tp',NULL),(909,73,10,6.00,'2025-01-21 22:48:31','exam',NULL),(910,73,10,20.00,'2025-01-21 22:48:31','rattrapage',NULL),(911,73,11,10.00,'2025-01-21 22:48:31','cc',NULL),(912,73,11,17.00,'2025-01-21 22:48:31','tp',NULL),(913,73,11,10.00,'2025-01-21 22:48:31','exam',NULL),(914,73,11,4.00,'2025-01-21 22:48:31','rattrapage',NULL),(915,73,12,10.00,'2025-01-21 22:48:31','cc',NULL),(916,73,12,7.00,'2025-01-21 22:48:31','tp',NULL),(917,73,12,19.00,'2025-01-21 22:48:31','exam',NULL),(918,73,13,11.00,'2025-01-21 22:48:31','cc',NULL),(919,73,13,10.00,'2025-01-21 22:48:31','tp',NULL),(920,73,13,17.00,'2025-01-21 22:48:31','exam',NULL),(921,73,14,18.00,'2025-01-21 22:48:31','cc',NULL),(922,73,14,4.00,'2025-01-21 22:48:31','tp',NULL),(923,73,14,10.00,'2025-01-21 22:48:31','exam',NULL),(924,73,14,9.00,'2025-01-21 22:48:31','rattrapage',NULL),(925,75,8,5.00,'2025-01-21 22:48:31','cc',NULL),(926,75,8,6.00,'2025-01-21 22:48:31','tp',NULL),(927,75,8,3.00,'2025-01-21 22:48:31','exam',NULL),(928,75,8,19.00,'2025-01-21 22:48:31','rattrapage',NULL),(929,75,9,6.00,'2025-01-21 22:48:31','cc',NULL),(930,75,9,0.00,'2025-01-21 22:48:31','tp',NULL),(931,75,9,20.00,'2025-01-21 22:48:31','exam',NULL),(932,75,10,3.00,'2025-01-21 22:48:31','cc',NULL),(933,75,10,2.00,'2025-01-21 22:48:31','tp',NULL),(934,75,10,16.00,'2025-01-21 22:48:31','exam',NULL),(935,75,11,15.00,'2025-01-21 22:48:31','cc',NULL),(936,75,11,4.00,'2025-01-21 22:48:31','tp',NULL),(937,75,11,18.00,'2025-01-21 22:48:31','exam',NULL),(938,75,12,4.00,'2025-01-21 22:48:31','cc',NULL),(939,75,12,1.00,'2025-01-21 22:48:32','tp',NULL),(940,75,12,18.00,'2025-01-21 22:48:32','exam',NULL),(941,75,13,5.00,'2025-01-21 22:48:32','cc',NULL),(942,75,13,18.00,'2025-01-21 22:48:32','tp',NULL),(943,75,13,7.00,'2025-01-21 22:48:32','exam',NULL),(944,75,13,15.00,'2025-01-21 22:48:32','rattrapage',NULL),(945,75,14,8.00,'2025-01-21 22:48:32','cc',NULL),(946,75,14,1.00,'2025-01-21 22:48:32','tp',NULL),(947,75,14,12.00,'2025-01-21 22:48:32','exam',NULL),(948,77,8,12.00,'2025-01-21 22:48:32','cc',NULL),(949,77,8,10.00,'2025-01-21 22:48:32','tp',NULL),(950,77,8,14.00,'2025-01-21 22:48:32','exam',NULL),(951,77,9,16.00,'2025-01-21 22:48:32','cc',NULL),(952,77,9,4.00,'2025-01-21 22:48:32','tp',NULL),(953,77,9,8.00,'2025-01-21 22:48:32','exam',NULL),(954,77,9,8.00,'2025-01-21 22:48:32','rattrapage',NULL),(955,77,10,14.00,'2025-01-21 22:48:32','cc',NULL),(956,77,10,6.00,'2025-01-21 22:48:32','tp',NULL),(957,77,10,7.00,'2025-01-21 22:48:32','exam',NULL),(958,77,10,3.00,'2025-01-21 22:48:32','rattrapage',NULL),(959,77,11,8.00,'2025-01-21 22:48:32','cc',NULL),(960,77,11,10.00,'2025-01-21 22:48:32','tp',NULL),(961,77,11,14.00,'2025-01-21 22:48:32','exam',NULL),(962,77,12,20.00,'2025-01-21 22:48:32','cc',NULL),(963,77,12,18.00,'2025-01-21 22:48:32','tp',NULL),(964,77,12,15.00,'2025-01-21 22:48:32','exam',NULL),(965,77,13,2.00,'2025-01-21 22:48:32','cc',NULL),(966,77,13,5.00,'2025-01-21 22:48:32','tp',NULL),(967,77,13,13.00,'2025-01-21 22:48:32','exam',NULL),(968,77,14,15.00,'2025-01-21 22:48:32','cc',NULL),(969,77,14,19.00,'2025-01-21 22:48:32','tp',NULL),(970,77,14,0.00,'2025-01-21 22:48:32','exam',NULL),(971,77,14,9.00,'2025-01-21 22:48:32','rattrapage',NULL),(972,79,15,18.00,'2025-01-21 22:48:32','cc',NULL),(973,79,15,4.00,'2025-01-21 22:48:32','tp',NULL),(974,79,15,14.00,'2025-01-21 22:48:32','exam',NULL),(975,79,16,17.00,'2025-01-21 22:48:32','cc',NULL),(976,79,16,11.00,'2025-01-21 22:48:32','tp',NULL),(977,79,16,2.00,'2025-01-21 22:48:32','exam',NULL),(978,79,16,13.00,'2025-01-21 22:48:32','rattrapage',NULL),(979,79,17,1.00,'2025-01-21 22:48:32','cc',NULL),(980,79,17,13.00,'2025-01-21 22:48:32','tp',NULL),(981,79,17,11.00,'2025-01-21 22:48:32','exam',NULL),(982,79,17,11.00,'2025-01-21 22:48:32','rattrapage',NULL),(983,79,18,8.00,'2025-01-21 22:48:32','cc',NULL),(984,79,18,14.00,'2025-01-21 22:48:32','tp',NULL),(985,79,18,8.00,'2025-01-21 22:48:32','exam',NULL),(986,79,18,12.00,'2025-01-21 22:48:32','rattrapage',NULL),(987,79,19,1.00,'2025-01-21 22:48:32','cc',NULL),(988,79,19,17.00,'2025-01-21 22:48:32','tp',NULL),(989,79,19,14.00,'2025-01-21 22:48:32','exam',NULL),(990,79,20,14.00,'2025-01-21 22:48:32','cc',NULL),(991,79,20,4.00,'2025-01-21 22:48:32','tp',NULL),(992,79,20,8.00,'2025-01-21 22:48:32','exam',NULL),(993,79,20,10.00,'2025-01-21 22:48:32','rattrapage',NULL),(994,79,21,0.00,'2025-01-21 22:48:32','cc',NULL),(995,79,21,8.00,'2025-01-21 22:48:32','tp',NULL),(996,79,21,12.00,'2025-01-21 22:48:32','exam',NULL),(997,81,15,19.00,'2025-01-21 22:48:32','cc',NULL),(998,81,15,11.00,'2025-01-21 22:48:32','tp',NULL),(999,81,15,9.00,'2025-01-21 22:48:32','exam',NULL),(1000,81,15,10.00,'2025-01-21 22:48:32','rattrapage',NULL),(1001,81,16,12.00,'2025-01-21 22:48:32','cc',NULL),(1002,81,16,14.00,'2025-01-21 22:48:32','tp',NULL),(1003,81,16,19.00,'2025-01-21 22:48:32','exam',NULL),(1004,81,17,2.00,'2025-01-21 22:48:32','cc',NULL),(1005,81,17,18.00,'2025-01-21 22:48:32','tp',NULL),(1006,81,17,0.00,'2025-01-21 22:48:32','exam',NULL),(1007,81,17,4.00,'2025-01-21 22:48:32','rattrapage',NULL),(1008,81,18,7.00,'2025-01-21 22:48:32','cc',NULL),(1009,81,18,14.00,'2025-01-21 22:48:32','tp',NULL),(1010,81,18,13.00,'2025-01-21 22:48:32','exam',NULL),(1011,81,19,19.00,'2025-01-21 22:48:32','cc',NULL),(1012,81,19,5.00,'2025-01-21 22:48:32','tp',NULL),(1013,81,19,0.00,'2025-01-21 22:48:32','exam',NULL),(1014,81,19,18.00,'2025-01-21 22:48:32','rattrapage',NULL),(1015,81,20,3.00,'2025-01-21 22:48:32','cc',NULL),(1016,81,20,17.00,'2025-01-21 22:48:32','tp',NULL),(1017,81,20,7.00,'2025-01-21 22:48:32','exam',NULL),(1018,81,20,18.00,'2025-01-21 22:48:32','rattrapage',NULL),(1019,81,21,9.00,'2025-01-21 22:48:32','cc',NULL),(1020,81,21,14.00,'2025-01-21 22:48:32','tp',NULL),(1021,81,21,13.00,'2025-01-21 22:48:32','exam',NULL),(1022,83,29,13.00,'2025-01-21 22:48:32','cc',NULL),(1023,83,29,6.00,'2025-01-21 22:48:32','tp',NULL),(1024,83,29,9.00,'2025-01-21 22:48:32','exam',NULL),(1025,83,29,16.00,'2025-01-21 22:48:32','rattrapage',NULL),(1026,83,30,13.00,'2025-01-21 22:48:32','cc',NULL),(1027,83,30,9.00,'2025-01-21 22:48:32','tp',NULL),(1028,83,30,15.00,'2025-01-21 22:48:32','exam',NULL),(1029,83,31,20.00,'2025-01-21 22:48:32','cc',NULL),(1030,83,31,12.00,'2025-01-21 22:48:32','tp',NULL),(1031,83,31,2.00,'2025-01-21 22:48:32','exam',NULL),(1032,83,31,16.00,'2025-01-21 22:48:32','rattrapage',NULL),(1033,83,32,3.00,'2025-01-21 22:48:32','cc',NULL),(1034,83,32,10.00,'2025-01-21 22:48:32','tp',NULL),(1035,83,32,14.00,'2025-01-21 22:48:32','exam',NULL),(1036,83,33,20.00,'2025-01-21 22:48:32','cc',NULL),(1037,83,33,8.00,'2025-01-21 22:48:32','tp',NULL),(1038,83,33,12.00,'2025-01-21 22:48:32','exam',NULL),(1039,83,34,0.00,'2025-01-21 22:48:32','cc',NULL),(1040,83,34,4.00,'2025-01-21 22:48:32','tp',NULL),(1041,83,34,19.00,'2025-01-21 22:48:32','exam',NULL),(1042,83,35,12.00,'2025-01-21 22:48:32','cc',NULL),(1043,83,35,4.00,'2025-01-21 22:48:32','tp',NULL),(1044,83,35,20.00,'2025-01-21 22:48:32','exam',NULL),(1045,85,29,8.00,'2025-01-21 22:48:32','cc',NULL),(1046,85,29,2.00,'2025-01-21 22:48:32','tp',NULL),(1047,85,29,0.00,'2025-01-21 22:48:32','exam',NULL),(1048,85,29,1.00,'2025-01-21 22:48:32','rattrapage',NULL),(1049,85,30,11.00,'2025-01-21 22:48:32','cc',NULL),(1050,85,30,3.00,'2025-01-21 22:48:32','tp',NULL),(1051,85,30,19.00,'2025-01-21 22:48:32','exam',NULL),(1052,85,31,1.00,'2025-01-21 22:48:32','cc',NULL),(1053,85,31,18.00,'2025-01-21 22:48:32','tp',NULL),(1054,85,31,14.00,'2025-01-21 22:48:32','exam',NULL),(1055,85,32,9.00,'2025-01-21 22:48:32','cc',NULL),(1056,85,32,15.00,'2025-01-21 22:48:32','tp',NULL),(1057,85,32,9.00,'2025-01-21 22:48:32','exam',NULL),(1058,85,32,7.00,'2025-01-21 22:48:32','rattrapage',NULL),(1059,85,33,7.00,'2025-01-21 22:48:32','cc',NULL),(1060,85,33,14.00,'2025-01-21 22:48:32','tp',NULL),(1061,85,33,4.00,'2025-01-21 22:48:32','exam',NULL),(1062,85,33,20.00,'2025-01-21 22:48:32','rattrapage',NULL),(1063,85,34,17.00,'2025-01-21 22:48:32','cc',NULL),(1064,85,34,1.00,'2025-01-21 22:48:32','tp',NULL),(1065,85,34,5.00,'2025-01-21 22:48:32','exam',NULL),(1066,85,34,8.00,'2025-01-21 22:48:32','rattrapage',NULL),(1067,85,35,6.00,'2025-01-21 22:48:32','cc',NULL),(1068,85,35,7.00,'2025-01-21 22:48:32','tp',NULL),(1069,85,35,17.00,'2025-01-21 22:48:32','exam',NULL),(1070,87,8,1.00,'2025-01-21 22:48:32','cc',NULL),(1071,87,8,12.00,'2025-01-21 22:48:32','tp',NULL),(1072,87,8,16.00,'2025-01-21 22:48:32','exam',NULL),(1073,87,9,11.00,'2025-01-21 22:48:32','cc',NULL),(1074,87,9,20.00,'2025-01-21 22:48:32','tp',NULL),(1075,87,9,9.00,'2025-01-21 22:48:32','exam',NULL),(1076,87,9,4.00,'2025-01-21 22:48:32','rattrapage',NULL),(1077,87,10,6.00,'2025-01-21 22:48:32','cc',NULL),(1078,87,10,19.00,'2025-01-21 22:48:32','tp',NULL),(1079,87,10,12.00,'2025-01-21 22:48:32','exam',NULL),(1080,87,11,9.00,'2025-01-21 22:48:32','cc',NULL),(1081,87,11,7.00,'2025-01-21 22:48:32','tp',NULL),(1082,87,11,9.00,'2025-01-21 22:48:32','exam',NULL),(1083,87,11,14.00,'2025-01-21 22:48:32','rattrapage',NULL),(1084,87,12,17.00,'2025-01-21 22:48:32','cc',NULL),(1085,87,12,1.00,'2025-01-21 22:48:32','tp',NULL),(1086,87,12,4.00,'2025-01-21 22:48:32','exam',NULL),(1087,87,12,4.00,'2025-01-21 22:48:32','rattrapage',NULL),(1088,87,13,13.00,'2025-01-21 22:48:32','cc',NULL),(1089,87,13,1.00,'2025-01-21 22:48:32','tp',NULL),(1090,87,13,1.00,'2025-01-21 22:48:32','exam',NULL),(1091,87,13,5.00,'2025-01-21 22:48:32','rattrapage',NULL),(1092,87,14,5.00,'2025-01-21 22:48:32','cc',NULL),(1093,87,14,0.00,'2025-01-21 22:48:32','tp',NULL),(1094,87,14,13.00,'2025-01-21 22:48:32','exam',NULL),(1095,89,8,2.00,'2025-01-21 22:48:32','cc',NULL),(1096,89,8,7.00,'2025-01-21 22:48:32','tp',NULL),(1097,89,8,18.00,'2025-01-21 22:48:32','exam',NULL),(1098,89,9,13.00,'2025-01-21 22:48:32','cc',NULL),(1099,89,9,1.00,'2025-01-21 22:48:32','tp',NULL),(1100,89,9,15.00,'2025-01-21 22:48:32','exam',NULL),(1101,89,10,11.00,'2025-01-21 22:48:32','cc',NULL),(1102,89,10,17.00,'2025-01-21 22:48:32','tp',NULL),(1103,89,10,19.00,'2025-01-21 22:48:32','exam',NULL),(1104,89,11,1.00,'2025-01-21 22:48:32','cc',NULL),(1105,89,11,4.00,'2025-01-21 22:48:32','tp',NULL),(1106,89,11,6.00,'2025-01-21 22:48:32','exam',NULL),(1107,89,11,11.00,'2025-01-21 22:48:32','rattrapage',NULL),(1108,89,12,19.00,'2025-01-21 22:48:32','cc',NULL),(1109,89,12,18.00,'2025-01-21 22:48:32','tp',NULL),(1110,89,12,10.00,'2025-01-21 22:48:32','exam',NULL),(1111,89,12,8.00,'2025-01-21 22:48:32','rattrapage',NULL),(1112,89,13,13.00,'2025-01-21 22:48:32','cc',NULL),(1113,89,13,16.00,'2025-01-21 22:48:32','tp',NULL),(1114,89,13,4.00,'2025-01-21 22:48:32','exam',NULL),(1115,89,13,12.00,'2025-01-21 22:48:32','rattrapage',NULL),(1116,89,14,10.00,'2025-01-21 22:48:32','cc',NULL),(1117,89,14,18.00,'2025-01-21 22:48:32','tp',NULL),(1118,89,14,20.00,'2025-01-21 22:48:32','exam',NULL),(1119,91,15,8.00,'2025-01-21 22:48:32','cc',NULL),(1120,91,15,6.00,'2025-01-21 22:48:32','tp',NULL),(1121,91,15,9.00,'2025-01-21 22:48:32','exam',NULL),(1122,91,15,16.00,'2025-01-21 22:48:32','rattrapage',NULL),(1123,91,16,10.00,'2025-01-21 22:48:32','cc',NULL),(1124,91,16,0.00,'2025-01-21 22:48:32','tp',NULL),(1125,91,16,12.00,'2025-01-21 22:48:32','exam',NULL),(1126,91,17,7.00,'2025-01-21 22:48:32','cc',NULL),(1127,91,17,14.00,'2025-01-21 22:48:32','tp',NULL),(1128,91,17,1.00,'2025-01-21 22:48:32','exam',NULL),(1129,91,17,14.00,'2025-01-21 22:48:32','rattrapage',NULL),(1130,91,18,5.00,'2025-01-21 22:48:32','cc',NULL),(1131,91,18,10.00,'2025-01-21 22:48:32','tp',NULL),(1132,91,18,19.00,'2025-01-21 22:48:32','exam',NULL),(1133,91,19,3.00,'2025-01-21 22:48:32','cc',NULL),(1134,91,19,13.00,'2025-01-21 22:48:32','tp',NULL),(1135,91,19,11.00,'2025-01-21 22:48:32','exam',NULL),(1136,91,19,6.00,'2025-01-21 22:48:32','rattrapage',NULL),(1137,91,20,12.00,'2025-01-21 22:48:32','cc',NULL),(1138,91,20,11.00,'2025-01-21 22:48:32','tp',NULL),(1139,91,20,17.00,'2025-01-21 22:48:32','exam',NULL),(1140,91,21,4.00,'2025-01-21 22:48:32','cc',NULL),(1141,91,21,9.00,'2025-01-21 22:48:32','tp',NULL),(1142,91,21,7.00,'2025-01-21 22:48:32','exam',NULL),(1143,91,21,17.00,'2025-01-21 22:48:32','rattrapage',NULL),(1144,93,8,5.00,'2025-01-21 22:48:32','cc',NULL),(1145,93,8,11.00,'2025-01-21 22:48:32','tp',NULL),(1146,93,8,4.00,'2025-01-21 22:48:32','exam',NULL),(1147,93,8,3.00,'2025-01-21 22:48:32','rattrapage',NULL),(1148,93,9,4.00,'2025-01-21 22:48:32','cc',NULL),(1149,93,9,16.00,'2025-01-21 22:48:32','tp',NULL),(1150,93,9,20.00,'2025-01-21 22:48:32','exam',NULL),(1151,93,10,15.00,'2025-01-21 22:48:32','cc',NULL),(1152,93,10,20.00,'2025-01-21 22:48:32','tp',NULL),(1153,93,10,16.00,'2025-01-21 22:48:32','exam',NULL),(1154,93,11,15.00,'2025-01-21 22:48:32','cc',NULL),(1155,93,11,11.00,'2025-01-21 22:48:32','tp',NULL),(1156,93,11,3.00,'2025-01-21 22:48:32','exam',NULL),(1157,93,11,11.00,'2025-01-21 22:48:32','rattrapage',NULL),(1158,93,12,2.00,'2025-01-21 22:48:32','cc',NULL),(1159,93,12,1.00,'2025-01-21 22:48:32','tp',NULL),(1160,93,12,6.00,'2025-01-21 22:48:32','exam',NULL),(1161,93,12,10.00,'2025-01-21 22:48:32','rattrapage',NULL),(1162,93,13,17.00,'2025-01-21 22:48:32','cc',NULL),(1163,93,13,11.00,'2025-01-21 22:48:32','tp',NULL),(1164,93,13,16.00,'2025-01-21 22:48:32','exam',NULL),(1165,93,14,15.00,'2025-01-21 22:48:32','cc',NULL),(1166,93,14,14.00,'2025-01-21 22:48:32','tp',NULL),(1167,93,14,3.00,'2025-01-21 22:48:32','exam',NULL),(1168,93,14,7.00,'2025-01-21 22:48:32','rattrapage',NULL),(1169,95,22,3.00,'2025-01-21 22:48:32','cc',NULL),(1170,95,22,2.00,'2025-01-21 22:48:32','tp',NULL),(1171,95,22,5.00,'2025-01-21 22:48:32','exam',NULL),(1172,95,22,10.00,'2025-01-21 22:48:32','rattrapage',NULL),(1173,95,23,19.00,'2025-01-21 22:48:32','cc',NULL),(1174,95,23,20.00,'2025-01-21 22:48:32','tp',NULL),(1175,95,23,3.00,'2025-01-21 22:48:32','exam',NULL),(1176,95,23,1.00,'2025-01-21 22:48:32','rattrapage',NULL),(1177,95,24,1.00,'2025-01-21 22:48:32','cc',NULL),(1178,95,24,0.00,'2025-01-21 22:48:32','tp',NULL),(1179,95,24,17.00,'2025-01-21 22:48:32','exam',NULL),(1180,95,25,12.00,'2025-01-21 22:48:32','cc',NULL),(1181,95,25,8.00,'2025-01-21 22:48:32','tp',NULL),(1182,95,25,14.00,'2025-01-21 22:48:32','exam',NULL),(1183,95,26,19.00,'2025-01-21 22:48:32','cc',NULL),(1184,95,26,15.00,'2025-01-21 22:48:32','tp',NULL),(1185,95,26,16.00,'2025-01-21 22:48:32','exam',NULL),(1186,95,27,0.00,'2025-01-21 22:48:32','cc',NULL),(1187,95,27,16.00,'2025-01-21 22:48:32','tp',NULL),(1188,95,27,2.00,'2025-01-21 22:48:32','exam',NULL),(1189,95,27,20.00,'2025-01-21 22:48:32','rattrapage',NULL),(1190,95,28,17.00,'2025-01-21 22:48:32','cc',NULL),(1191,95,28,1.00,'2025-01-21 22:48:32','tp',NULL),(1192,95,28,17.00,'2025-01-21 22:48:32','exam',NULL),(1193,97,29,1.00,'2025-01-21 22:48:32','cc',NULL),(1194,97,29,20.00,'2025-01-21 22:48:32','tp',NULL),(1195,97,29,11.00,'2025-01-21 22:48:32','exam',NULL),(1196,97,29,17.00,'2025-01-21 22:48:32','rattrapage',NULL),(1197,97,30,12.00,'2025-01-21 22:48:32','cc',NULL),(1198,97,30,2.00,'2025-01-21 22:48:32','tp',NULL),(1199,97,30,1.00,'2025-01-21 22:48:32','exam',NULL),(1200,97,30,6.00,'2025-01-21 22:48:32','rattrapage',NULL),(1201,97,31,15.00,'2025-01-21 22:48:32','cc',NULL),(1202,97,31,1.00,'2025-01-21 22:48:32','tp',NULL),(1203,97,31,3.00,'2025-01-21 22:48:32','exam',NULL),(1204,97,31,15.00,'2025-01-21 22:48:32','rattrapage',NULL),(1205,97,32,4.00,'2025-01-21 22:48:32','cc',NULL),(1206,97,32,9.00,'2025-01-21 22:48:32','tp',NULL),(1207,97,32,18.00,'2025-01-21 22:48:32','exam',NULL),(1208,97,33,19.00,'2025-01-21 22:48:32','cc',NULL),(1209,97,33,18.00,'2025-01-21 22:48:32','tp',NULL),(1210,97,33,4.00,'2025-01-21 22:48:32','exam',NULL),(1211,97,33,20.00,'2025-01-21 22:48:32','rattrapage',NULL),(1212,97,34,18.00,'2025-01-21 22:48:32','cc',NULL),(1213,97,34,14.00,'2025-01-21 22:48:32','tp',NULL),(1214,97,34,12.00,'2025-01-21 22:48:32','exam',NULL),(1215,97,35,16.00,'2025-01-21 22:48:32','cc',NULL),(1216,97,35,16.00,'2025-01-21 22:48:32','tp',NULL),(1217,97,35,17.00,'2025-01-21 22:48:32','exam',NULL),(1218,99,15,2.00,'2025-01-21 22:48:32','cc',NULL),(1219,99,15,18.00,'2025-01-21 22:48:32','tp',NULL),(1220,99,15,19.00,'2025-01-21 22:48:32','exam',NULL),(1221,99,16,16.00,'2025-01-21 22:48:32','cc',NULL),(1222,99,16,17.00,'2025-01-21 22:48:32','tp',NULL),(1223,99,16,0.00,'2025-01-21 22:48:32','exam',NULL),(1224,99,16,7.00,'2025-01-21 22:48:32','rattrapage',NULL),(1225,99,17,4.00,'2025-01-21 22:48:32','cc',NULL),(1226,99,17,10.00,'2025-01-21 22:48:32','tp',NULL),(1227,99,17,20.00,'2025-01-21 22:48:32','exam',NULL),(1228,99,18,5.00,'2025-01-21 22:48:32','cc',NULL),(1229,99,18,16.00,'2025-01-21 22:48:32','tp',NULL),(1230,99,18,20.00,'2025-01-21 22:48:32','exam',NULL),(1231,99,19,19.00,'2025-01-21 22:48:32','cc',NULL),(1232,99,19,1.00,'2025-01-21 22:48:32','tp',NULL),(1233,99,19,15.00,'2025-01-21 22:48:32','exam',NULL),(1234,99,20,4.00,'2025-01-21 22:48:32','cc',NULL),(1235,99,20,14.00,'2025-01-21 22:48:32','tp',NULL),(1236,99,20,7.00,'2025-01-21 22:48:32','exam',NULL),(1237,99,20,6.00,'2025-01-21 22:48:32','rattrapage',NULL),(1238,99,21,12.00,'2025-01-21 22:48:32','cc',NULL),(1239,99,21,13.00,'2025-01-21 22:48:32','tp',NULL),(1240,99,21,0.00,'2025-01-21 22:48:32','exam',NULL),(1241,99,21,20.00,'2025-01-21 22:48:32','rattrapage',NULL),(1242,101,22,19.00,'2025-01-21 22:48:32','cc',NULL),(1243,101,22,2.00,'2025-01-21 22:48:32','tp',NULL),(1244,101,22,9.00,'2025-01-21 22:48:32','exam',NULL),(1245,101,22,9.00,'2025-01-21 22:48:32','rattrapage',NULL),(1246,101,23,20.00,'2025-01-21 22:48:32','cc',NULL),(1247,101,23,3.00,'2025-01-21 22:48:32','tp',NULL),(1248,101,23,5.00,'2025-01-21 22:48:32','exam',NULL),(1249,101,23,15.00,'2025-01-21 22:48:32','rattrapage',NULL),(1250,101,24,1.00,'2025-01-21 22:48:32','cc',NULL),(1251,101,24,0.00,'2025-01-21 22:48:32','tp',NULL),(1252,101,24,6.00,'2025-01-21 22:48:32','exam',NULL),(1253,101,24,16.00,'2025-01-21 22:48:32','rattrapage',NULL),(1254,101,25,17.00,'2025-01-21 22:48:32','cc',NULL),(1255,101,25,2.00,'2025-01-21 22:48:32','tp',NULL),(1256,101,25,0.00,'2025-01-21 22:48:32','exam',NULL),(1257,101,25,2.00,'2025-01-21 22:48:32','rattrapage',NULL),(1258,101,26,12.00,'2025-01-21 22:48:32','cc',NULL),(1259,101,26,19.00,'2025-01-21 22:48:32','tp',NULL),(1260,101,26,7.00,'2025-01-21 22:48:32','exam',NULL),(1261,101,26,8.00,'2025-01-21 22:48:32','rattrapage',NULL),(1262,101,27,18.00,'2025-01-21 22:48:32','cc',NULL),(1263,101,27,2.00,'2025-01-21 22:48:32','tp',NULL),(1264,101,27,6.00,'2025-01-21 22:48:32','exam',NULL),(1265,101,27,11.00,'2025-01-21 22:48:32','rattrapage',NULL),(1266,101,28,15.00,'2025-01-21 22:48:32','cc',NULL),(1267,101,28,15.00,'2025-01-21 22:48:32','tp',NULL),(1268,101,28,1.00,'2025-01-21 22:48:32','exam',NULL),(1269,101,28,14.00,'2025-01-21 22:48:32','rattrapage',NULL),(1270,103,15,8.00,'2025-01-21 22:48:32','cc',NULL),(1271,103,15,3.00,'2025-01-21 22:48:32','tp',NULL),(1272,103,15,17.00,'2025-01-21 22:48:32','exam',NULL),(1273,103,16,5.00,'2025-01-21 22:48:32','cc',NULL),(1274,103,16,13.00,'2025-01-21 22:48:32','tp',NULL),(1275,103,16,3.00,'2025-01-21 22:48:32','exam',NULL),(1276,103,16,2.00,'2025-01-21 22:48:32','rattrapage',NULL),(1277,103,17,6.00,'2025-01-21 22:48:32','cc',NULL),(1278,103,17,20.00,'2025-01-21 22:48:32','tp',NULL),(1279,103,17,14.00,'2025-01-21 22:48:32','exam',NULL),(1280,103,18,15.00,'2025-01-21 22:48:32','cc',NULL),(1281,103,18,10.00,'2025-01-21 22:48:32','tp',NULL),(1282,103,18,4.00,'2025-01-21 22:48:32','exam',NULL),(1283,103,18,10.00,'2025-01-21 22:48:32','rattrapage',NULL),(1284,103,19,5.00,'2025-01-21 22:48:32','cc',NULL),(1285,103,19,0.00,'2025-01-21 22:48:32','tp',NULL),(1286,103,19,4.00,'2025-01-21 22:48:32','exam',NULL),(1287,103,19,1.00,'2025-01-21 22:48:32','rattrapage',NULL),(1288,103,20,10.00,'2025-01-21 22:48:32','cc',NULL),(1289,103,20,7.00,'2025-01-21 22:48:32','tp',NULL),(1290,103,20,12.00,'2025-01-21 22:48:32','exam',NULL),(1291,103,21,10.00,'2025-01-21 22:48:32','cc',NULL),(1292,103,21,7.00,'2025-01-21 22:48:32','tp',NULL),(1293,103,21,1.00,'2025-01-21 22:48:32','exam',NULL),(1294,103,21,9.00,'2025-01-21 22:48:32','rattrapage',NULL),(1295,105,22,11.00,'2025-01-21 22:48:32','cc',NULL),(1296,105,22,5.00,'2025-01-21 22:48:32','tp',NULL),(1297,105,22,6.00,'2025-01-21 22:48:32','exam',NULL),(1298,105,22,19.00,'2025-01-21 22:48:32','rattrapage',NULL),(1299,105,23,13.00,'2025-01-21 22:48:32','cc',NULL),(1300,105,23,18.00,'2025-01-21 22:48:32','tp',NULL),(1301,105,23,18.00,'2025-01-21 22:48:32','exam',NULL),(1302,105,24,14.00,'2025-01-21 22:48:32','cc',NULL),(1303,105,24,5.00,'2025-01-21 22:48:32','tp',NULL),(1304,105,24,16.00,'2025-01-21 22:48:32','exam',NULL),(1305,105,25,8.00,'2025-01-21 22:48:32','cc',NULL),(1306,105,25,4.00,'2025-01-21 22:48:32','tp',NULL),(1307,105,25,13.00,'2025-01-21 22:48:32','exam',NULL),(1308,105,26,9.00,'2025-01-21 22:48:32','cc',NULL),(1309,105,26,9.00,'2025-01-21 22:48:32','tp',NULL),(1310,105,26,13.00,'2025-01-21 22:48:32','exam',NULL),(1311,105,27,1.00,'2025-01-21 22:48:32','cc',NULL),(1312,105,27,12.00,'2025-01-21 22:48:32','tp',NULL),(1313,105,27,17.00,'2025-01-21 22:48:32','exam',NULL),(1314,105,28,5.00,'2025-01-21 22:48:32','cc',NULL),(1315,105,28,8.00,'2025-01-21 22:48:32','tp',NULL),(1316,105,28,0.00,'2025-01-21 22:48:32','exam',NULL),(1317,105,28,14.00,'2025-01-21 22:48:32','rattrapage',NULL);
/*!40000 ALTER TABLE `grades` ENABLE KEYS */;
UNLOCK TABLES;
/*!50003 SET @saved_cs_client      = @@character_set_client */ ;
/*!50003 SET @saved_cs_results     = @@character_set_results */ ;
/*!50003 SET @saved_col_connection = @@collation_connection */ ;
/*!50003 SET character_set_client  = utf8mb4 */ ;
/*!50003 SET character_set_results = utf8mb4 */ ;
/*!50003 SET collation_connection  = utf8mb4_0900_ai_ci */ ;
/*!50003 SET @saved_sql_mode       = @@sql_mode */ ;
/*!50003 SET sql_mode              = 'ONLY_FULL_GROUP_BY,STRICT_TRANS_TABLES,NO_ZERO_IN_DATE,NO_ZERO_DATE,ERROR_FOR_DIVISION_BY_ZERO,NO_ENGINE_SUBSTITUTION' */ ;
DELIMITER ;;
/*!50003 CREATE*/ /*!50017 */ /*!50003 TRIGGER `trigger_grades_before_insert` BEFORE INSERT ON `grades` FOR EACH ROW SET NEW.created_at = IFNULL(NEW.created_at, CURRENT_TIMESTAMP) */;;
DELIMITER ;
/*!50003 SET sql_mode              = @saved_sql_mode */ ;
/*!50003 SET character_set_client  = @saved_cs_client */ ;
/*!50003 SET character_set_results = @saved_cs_results */ ;
/*!50003 SET collation_connection  = @saved_col_connection */ ;
/*!50003 SET @saved_cs_client      = @@character_set_client */ ;
/*!50003 SET @saved_cs_results     = @@character_set_results */ ;
/*!50003 SET @saved_col_connection = @@collation_connection */ ;
/*!50003 SET character_set_client  = utf8mb4 */ ;
/*!50003 SET character_set_results = utf8mb4 */ ;
/*!50003 SET collation_connection  = utf8mb4_0900_ai_ci */ ;
/*!50003 SET @saved_sql_mode       = @@sql_mode */ ;
/*!50003 SET sql_mode              = 'ONLY_FULL_GROUP_BY,STRICT_TRANS_TABLES,NO_ZERO_IN_DATE,NO_ZERO_DATE,ERROR_FOR_DIVISION_BY_ZERO,NO_ENGINE_SUBSTITUTION' */ ;
DELIMITER ;;
/*!50003 CREATE*/ /*!50017 */ /*!50003 TRIGGER `trigger_grades_before_update` BEFORE UPDATE ON `grades` FOR EACH ROW SET NEW.updated_at = CURRENT_TIMESTAMP */;;
DELIMITER ;
/*!50003 SET sql_mode              = @saved_sql_mode */ ;
/*!50003 SET character_set_client  = @saved_cs_client */ ;
/*!50003 SET character_set_results = @saved_cs_results */ ;
/*!50003 SET collation_connection  = @saved_col_connection */ ;

--
-- Table structure for table `payments`
--

DROP TABLE IF EXISTS `payments`;
/*!40101 SET @saved_cs_client     = @@character_set_client */;
/*!50503 SET character_set_client = utf8mb4 */;
CREATE TABLE `payments` (
  `id` int NOT NULL AUTO_INCREMENT,
  `student_id` int DEFAULT NULL,
  `amount` decimal(10,2) NOT NULL,
  `created_at` datetime NOT NULL DEFAULT CURRENT_TIMESTAMP,
  `updated_at` datetime NOT NULL DEFAULT CURRENT_TIMESTAMP ON UPDATE CURRENT_TIMESTAMP,
  PRIMARY KEY (`id`),
  KEY `student_id` (`student_id`),
  CONSTRAINT `payments_ibfk_1` FOREIGN KEY (`student_id`) REFERENCES `students` (`id`) ON DELETE CASCADE
) ENGINE=InnoDB AUTO_INCREMENT=87 DEFAULT CHARSET=utf8mb4 COLLATE=utf8mb4_0900_ai_ci;
/*!40101 SET character_set_client = @saved_cs_client */;

--
-- Dumping data for table `payments`
--

LOCK TABLES `payments` WRITE;
/*!40000 ALTER TABLE `payments` DISABLE KEYS */;
/*!40000 ALTER TABLE `payments` ENABLE KEYS */;
UNLOCK TABLES;
/*!50003 SET @saved_cs_client      = @@character_set_client */ ;
/*!50003 SET @saved_cs_results     = @@character_set_results */ ;
/*!50003 SET @saved_col_connection = @@collation_connection */ ;
/*!50003 SET character_set_client  = utf8mb4 */ ;
/*!50003 SET character_set_results = utf8mb4 */ ;
/*!50003 SET collation_connection  = utf8mb4_0900_ai_ci */ ;
/*!50003 SET @saved_sql_mode       = @@sql_mode */ ;
/*!50003 SET sql_mode              = 'ONLY_FULL_GROUP_BY,STRICT_TRANS_TABLES,NO_ZERO_IN_DATE,NO_ZERO_DATE,ERROR_FOR_DIVISION_BY_ZERO,NO_ENGINE_SUBSTITUTION' */ ;
DELIMITER ;;
/*!50003 CREATE*/ /*!50017 */ /*!50003 TRIGGER `trigger_payments_before_insert` BEFORE INSERT ON `payments` FOR EACH ROW SET NEW.created_at = IFNULL(NEW.created_at, CURRENT_TIMESTAMP) */;;
DELIMITER ;
/*!50003 SET sql_mode              = @saved_sql_mode */ ;
/*!50003 SET character_set_client  = @saved_cs_client */ ;
/*!50003 SET character_set_results = @saved_cs_results */ ;
/*!50003 SET collation_connection  = @saved_col_connection */ ;
/*!50003 SET @saved_cs_client      = @@character_set_client */ ;
/*!50003 SET @saved_cs_results     = @@character_set_results */ ;
/*!50003 SET @saved_col_connection = @@collation_connection */ ;
/*!50003 SET character_set_client  = utf8mb4 */ ;
/*!50003 SET character_set_results = utf8mb4 */ ;
/*!50003 SET collation_connection  = utf8mb4_0900_ai_ci */ ;
/*!50003 SET @saved_sql_mode       = @@sql_mode */ ;
/*!50003 SET sql_mode              = 'ONLY_FULL_GROUP_BY,STRICT_TRANS_TABLES,NO_ZERO_IN_DATE,NO_ZERO_DATE,ERROR_FOR_DIVISION_BY_ZERO,NO_ENGINE_SUBSTITUTION' */ ;
DELIMITER ;;
/*!50003 CREATE*/ /*!50017 */ /*!50003 TRIGGER `after_payment_insert` AFTER INSERT ON `payments` FOR EACH ROW BEGIN
    DECLARE total_paid DECIMAL(10,2);
    DECLARE total_fee DECIMAL(10,2);

    -- Vrifier si l'tudiant existe avant d'effectuer les calculs
    IF EXISTS (SELECT 1 FROM `students` WHERE `id` = NEW.`student_id`) THEN
        -- Rcuprer le total des paiements pour l'tudiant
        SELECT SUM(`amount`) 
        INTO total_paid
        FROM `payments` 
        WHERE `student_id` = NEW.`student_id`;

        -- Grer les cas o aucun paiement prcdent n'existe (viter NULL)
        IF total_paid IS NULL THEN
            SET total_paid = 0;
        END IF;

        -- Rcuprer la pension totale  payer pour l'tudiant
        SELECT c.`total_fee`
        INTO total_fee
        FROM `classes` c
        JOIN `students` s ON s.`class_id` = c.`id`
        WHERE s.`id` = NEW.`student_id`;

        -- Grer les cas o la pension n'est pas trouve
        IF total_fee IS NULL THEN
            SIGNAL SQLSTATE '45000'
            SET MESSAGE_TEXT = 'Erreur: La pension totale pour la classe de l\'tudiant n\'a pas t trouve.';
        ELSE
            -- Mettre  jour le reste  payer dans la table `students`
            UPDATE `students`
            SET `remaining_fee` = total_fee - total_paid
            WHERE `id` = NEW.`student_id`;
        END IF;
    ELSE
        -- Lever une erreur si l'tudiant n'existe pas
        SIGNAL SQLSTATE '45000'
        SET MESSAGE_TEXT = 'Erreur: tudiant non trouv.';
    END IF;
END */;;
DELIMITER ;
/*!50003 SET sql_mode              = @saved_sql_mode */ ;
/*!50003 SET character_set_client  = @saved_cs_client */ ;
/*!50003 SET character_set_results = @saved_cs_results */ ;
/*!50003 SET collation_connection  = @saved_col_connection */ ;
/*!50003 SET @saved_cs_client      = @@character_set_client */ ;
/*!50003 SET @saved_cs_results     = @@character_set_results */ ;
/*!50003 SET @saved_col_connection = @@collation_connection */ ;
/*!50003 SET character_set_client  = utf8mb4 */ ;
/*!50003 SET character_set_results = utf8mb4 */ ;
/*!50003 SET collation_connection  = utf8mb4_0900_ai_ci */ ;
/*!50003 SET @saved_sql_mode       = @@sql_mode */ ;
/*!50003 SET sql_mode              = 'ONLY_FULL_GROUP_BY,STRICT_TRANS_TABLES,NO_ZERO_IN_DATE,NO_ZERO_DATE,ERROR_FOR_DIVISION_BY_ZERO,NO_ENGINE_SUBSTITUTION' */ ;
DELIMITER ;;
/*!50003 CREATE*/ /*!50017 */ /*!50003 TRIGGER `trigger_payments_before_update` BEFORE UPDATE ON `payments` FOR EACH ROW SET NEW.updated_at = CURRENT_TIMESTAMP */;;
DELIMITER ;
/*!50003 SET sql_mode              = @saved_sql_mode */ ;
/*!50003 SET character_set_client  = @saved_cs_client */ ;
/*!50003 SET character_set_results = @saved_cs_results */ ;
/*!50003 SET collation_connection  = @saved_col_connection */ ;

--
-- Table structure for table `student_cards`
--

DROP TABLE IF EXISTS `student_cards`;
/*!40101 SET @saved_cs_client     = @@character_set_client */;
/*!50503 SET character_set_client = utf8mb4 */;
CREATE TABLE `student_cards` (
  `id` int NOT NULL AUTO_INCREMENT,
  `student_id` int DEFAULT NULL,
  `card_number` varchar(50) DEFAULT NULL,
  `issue_date` date DEFAULT NULL,
  `expiry_date` date DEFAULT NULL,
  `created_at` datetime NOT NULL DEFAULT CURRENT_TIMESTAMP,
  `updated_at` datetime NOT NULL DEFAULT CURRENT_TIMESTAMP ON UPDATE CURRENT_TIMESTAMP,
  PRIMARY KEY (`id`),
  UNIQUE KEY `card_number` (`card_number`),
  KEY `student_id` (`student_id`),
  CONSTRAINT `student_cards_ibfk_1` FOREIGN KEY (`student_id`) REFERENCES `students` (`id`) ON DELETE CASCADE
) ENGINE=InnoDB AUTO_INCREMENT=116 DEFAULT CHARSET=utf8mb4 COLLATE=utf8mb4_0900_ai_ci;
/*!40101 SET character_set_client = @saved_cs_client */;

--
-- Dumping data for table `student_cards`
--

LOCK TABLES `student_cards` WRITE;
/*!40000 ALTER TABLE `student_cards` DISABLE KEYS */;
INSERT INTO `student_cards` VALUES (64,2,'2025M1 jour002','2025-01-21','2026-01-21','2025-01-21 21:43:06','2025-01-21 21:43:06'),(65,4,'2025B3 soir002','2025-01-21','2026-01-21','2025-01-21 21:43:07','2025-01-21 21:43:07'),(66,6,'2025B1A002','2025-01-21','2026-01-21','2025-01-21 21:43:09','2025-01-21 21:43:09'),(67,8,'2025M2 jour002','2025-01-21','2026-01-21','2025-01-21 21:43:10','2025-01-21 21:43:10'),(68,10,'2025M2 jour003','2025-01-21','2026-01-21','2025-01-21 21:43:11','2025-01-21 21:43:11'),(69,12,'2025M2 soir002','2025-01-21','2026-01-21','2025-01-21 21:43:12','2025-01-21 21:43:12'),(70,14,'2025M2 soir003','2025-01-21','2026-01-21','2025-01-21 21:43:13','2025-01-21 21:43:13'),(71,16,'2025B2A002','2025-01-21','2026-01-21','2025-01-21 21:43:14','2025-01-21 21:43:14'),(72,18,'2025B2B002','2025-01-21','2026-01-21','2025-01-21 21:43:15','2025-01-21 21:43:15'),(73,20,'2025B3 soir003','2025-01-21','2026-01-21','2025-01-21 21:43:16','2025-01-21 21:43:16'),(74,22,'2025M2 jour004','2025-01-21','2026-01-21','2025-01-21 21:43:18','2025-01-21 21:43:18'),(75,24,'2025B2B003','2025-01-21','2026-01-21','2025-01-21 21:43:19','2025-01-21 21:43:19'),(76,26,'2025B1B002','2025-01-21','2026-01-21','2025-01-21 21:43:20','2025-01-21 21:43:20'),(77,28,'2025M1 jour003','2025-01-21','2026-01-21','2025-01-21 21:43:21','2025-01-21 21:43:21'),(78,30,'2025B2B004','2025-01-21','2026-01-21','2025-01-21 21:43:22','2025-01-21 21:43:22'),(79,32,'2025M1 jour004','2025-01-21','2026-01-21','2025-01-21 21:43:23','2025-01-21 21:43:23'),(80,34,'2025B3 soir004','2025-01-21','2026-01-21','2025-01-21 21:43:24','2025-01-21 21:43:24'),(81,36,'2025M1 jour005','2025-01-21','2026-01-21','2025-01-21 21:43:25','2025-01-21 21:43:25'),(82,38,'2025B2A003','2025-01-21','2026-01-21','2025-01-21 21:43:26','2025-01-21 21:43:26'),(83,40,'2025M1 jour006','2025-01-21','2026-01-21','2025-01-21 21:43:28','2025-01-21 21:43:28'),(84,42,'2025B1A003','2025-01-21','2026-01-21','2025-01-21 21:43:29','2025-01-21 21:43:29'),(85,44,'2025M1 soir002','2025-01-21','2026-01-21','2025-01-21 21:43:30','2025-01-21 21:43:30'),(86,46,'2025B1B003','2025-01-21','2026-01-21','2025-01-21 21:43:31','2025-01-21 21:43:31'),(87,48,'2025B1A004','2025-01-21','2026-01-21','2025-01-21 21:43:32','2025-01-21 21:43:32'),(88,50,'2025B1A005','2025-01-21','2026-01-21','2025-01-21 21:43:33','2025-01-21 21:43:33'),(89,52,'2025B2A004','2025-01-21','2026-01-21','2025-01-21 21:43:34','2025-01-21 21:43:34'),(90,55,'2025M1 soir003','2025-01-21','2026-01-21','2025-01-21 21:52:43','2025-01-21 21:52:43'),(91,57,'2025B2A005','2025-01-21','2026-01-21','2025-01-21 21:52:44','2025-01-21 21:52:44'),(92,59,'2025B2B005','2025-01-21','2026-01-21','2025-01-21 21:52:45','2025-01-21 21:52:45'),(93,61,'2025B1B004','2025-01-21','2026-01-21','2025-01-21 21:52:46','2025-01-21 21:52:46'),(94,63,'2025B1A006','2025-01-21','2026-01-21','2025-01-21 21:52:47','2025-01-21 21:52:47'),(95,65,'2025B3 jour002','2025-01-21','2026-01-21','2025-01-21 21:52:48','2025-01-21 21:52:48'),(96,67,'2025M2 soir004','2025-01-21','2026-01-21','2025-01-21 21:52:49','2025-01-21 21:52:49'),(97,69,'2025M2 jour005','2025-01-21','2026-01-21','2025-01-21 21:52:51','2025-01-21 21:52:51'),(98,71,'2025M1 soir004','2025-01-21','2026-01-21','2025-01-21 21:52:52','2025-01-21 21:52:52'),(99,73,'2025B2B006','2025-01-21','2026-01-21','2025-01-21 21:52:53','2025-01-21 21:52:53'),(100,75,'2025B2A006','2025-01-21','2026-01-21','2025-01-21 21:52:54','2025-01-21 21:52:54'),(101,77,'2025B2B007','2025-01-21','2026-01-21','2025-01-21 21:52:55','2025-01-21 21:52:55'),(102,79,'2025B3 soir005','2025-01-21','2026-01-21','2025-01-21 21:52:56','2025-01-21 21:52:56'),(103,81,'2025B3 jour003','2025-01-21','2026-01-21','2025-01-21 21:52:57','2025-01-21 21:52:57'),(104,83,'2025M2 soir005','2025-01-21','2026-01-21','2025-01-21 21:52:58','2025-01-21 21:52:58'),(105,85,'2025M2 soir006','2025-01-21','2026-01-21','2025-01-21 21:52:59','2025-01-21 21:52:59'),(106,87,'2025B2B008','2025-01-21','2026-01-21','2025-01-21 21:53:00','2025-01-21 21:53:00'),(107,89,'2025B2A007','2025-01-21','2026-01-21','2025-01-21 21:53:01','2025-01-21 21:53:01'),(108,91,'2025B3 soir006','2025-01-21','2026-01-21','2025-01-21 21:53:03','2025-01-21 21:53:03'),(109,93,'2025B2A008','2025-01-21','2026-01-21','2025-01-21 21:53:04','2025-01-21 21:53:04'),(110,95,'2025M1 jour007','2025-01-21','2026-01-21','2025-01-21 21:53:05','2025-01-21 21:53:05'),(111,97,'2025M2 jour006','2025-01-21','2026-01-21','2025-01-21 21:53:06','2025-01-21 21:53:06'),(112,99,'2025B3 jour004','2025-01-21','2026-01-21','2025-01-21 21:53:07','2025-01-21 21:53:07'),(113,101,'2025M1 soir005','2025-01-21','2026-01-21','2025-01-21 21:53:08','2025-01-21 21:53:08'),(114,103,'2025B3 jour005','2025-01-21','2026-01-21','2025-01-21 21:53:09','2025-01-21 21:53:09'),(115,105,'2025M1 soir006','2025-01-21','2026-01-21','2025-01-21 21:53:10','2025-01-21 21:53:10');
/*!40000 ALTER TABLE `student_cards` ENABLE KEYS */;
UNLOCK TABLES;
/*!50003 SET @saved_cs_client      = @@character_set_client */ ;
/*!50003 SET @saved_cs_results     = @@character_set_results */ ;
/*!50003 SET @saved_col_connection = @@collation_connection */ ;
/*!50003 SET character_set_client  = utf8mb4 */ ;
/*!50003 SET character_set_results = utf8mb4 */ ;
/*!50003 SET collation_connection  = utf8mb4_0900_ai_ci */ ;
/*!50003 SET @saved_sql_mode       = @@sql_mode */ ;
/*!50003 SET sql_mode              = 'ONLY_FULL_GROUP_BY,STRICT_TRANS_TABLES,NO_ZERO_IN_DATE,NO_ZERO_DATE,ERROR_FOR_DIVISION_BY_ZERO,NO_ENGINE_SUBSTITUTION' */ ;
DELIMITER ;;
/*!50003 CREATE*/ /*!50017 */ /*!50003 TRIGGER `trigger_student_cards_before_insert` BEFORE INSERT ON `student_cards` FOR EACH ROW SET NEW.created_at = IFNULL(NEW.created_at, CURRENT_TIMESTAMP) */;;
DELIMITER ;
/*!50003 SET sql_mode              = @saved_sql_mode */ ;
/*!50003 SET character_set_client  = @saved_cs_client */ ;
/*!50003 SET character_set_results = @saved_cs_results */ ;
/*!50003 SET collation_connection  = @saved_col_connection */ ;
/*!50003 SET @saved_cs_client      = @@character_set_client */ ;
/*!50003 SET @saved_cs_results     = @@character_set_results */ ;
/*!50003 SET @saved_col_connection = @@collation_connection */ ;
/*!50003 SET character_set_client  = utf8mb4 */ ;
/*!50003 SET character_set_results = utf8mb4 */ ;
/*!50003 SET collation_connection  = utf8mb4_0900_ai_ci */ ;
/*!50003 SET @saved_sql_mode       = @@sql_mode */ ;
/*!50003 SET sql_mode              = 'ONLY_FULL_GROUP_BY,STRICT_TRANS_TABLES,NO_ZERO_IN_DATE,NO_ZERO_DATE,ERROR_FOR_DIVISION_BY_ZERO,NO_ENGINE_SUBSTITUTION' */ ;
DELIMITER ;;
/*!50003 CREATE*/ /*!50017 */ /*!50003 TRIGGER `trigger_student_cards_before_update` BEFORE UPDATE ON `student_cards` FOR EACH ROW SET NEW.updated_at = CURRENT_TIMESTAMP */;;
DELIMITER ;
/*!50003 SET sql_mode              = @saved_sql_mode */ ;
/*!50003 SET character_set_client  = @saved_cs_client */ ;
/*!50003 SET character_set_results = @saved_cs_results */ ;
/*!50003 SET collation_connection  = @saved_col_connection */ ;

--
-- Table structure for table `students`
--

DROP TABLE IF EXISTS `students`;
/*!40101 SET @saved_cs_client     = @@character_set_client */;
/*!50503 SET character_set_client = utf8mb4 */;
CREATE TABLE `students` (
  `id` int NOT NULL,
  `matricule` varchar(50) DEFAULT NULL,
  `date_of_birth` date DEFAULT NULL,
  `address` varchar(255) DEFAULT NULL,
  `class_id` int DEFAULT NULL,
  `parent_id` int DEFAULT NULL,
  `remaining_fee` decimal(10,2) DEFAULT '0.00',
  `created_at` datetime NOT NULL DEFAULT CURRENT_TIMESTAMP,
  `updated_at` datetime NOT NULL DEFAULT CURRENT_TIMESTAMP ON UPDATE CURRENT_TIMESTAMP,
  PRIMARY KEY (`id`),
  UNIQUE KEY `matricule` (`matricule`),
  KEY `class_id` (`class_id`),
  KEY `parent_id` (`parent_id`),
  CONSTRAINT `students_ibfk_1` FOREIGN KEY (`id`) REFERENCES `users` (`id`) ON DELETE CASCADE,
  CONSTRAINT `students_ibfk_2` FOREIGN KEY (`class_id`) REFERENCES `classes` (`id`) ON DELETE SET NULL,
  CONSTRAINT `students_ibfk_3` FOREIGN KEY (`parent_id`) REFERENCES `users` (`id`) ON DELETE SET NULL
) ENGINE=InnoDB DEFAULT CHARSET=utf8mb4 COLLATE=utf8mb4_0900_ai_ci;
/*!40101 SET character_set_client = @saved_cs_client */;

--
-- Dumping data for table `students`
--

LOCK TABLES `students` WRITE;
/*!40000 ALTER TABLE `students` DISABLE KEYS */;
INSERT INTO `students` VALUES (2,'2025M1 jour002','2003-01-21','Rue 89, Quartier Bastos, Yaound, Cameroun',7,1,2000000.00,'2025-01-21 21:43:06','2025-01-21 21:43:06'),(4,'2025B3 soir002','2001-01-21','Rue 99, Quartier Mendong, Yaound, Cameroun',6,3,2100000.00,'2025-01-21 21:43:07','2025-01-21 21:43:07'),(6,'2025B1A002','2003-01-21','Rue 43, Quartier Efoulan, Yaound, Cameroun',1,5,1750000.00,'2025-01-21 21:43:09','2025-01-21 21:43:09'),(8,'2025M2 jour002','2003-01-21','Rue 58, Quartier Efoulan, Yaound, Cameroun',9,7,2200000.00,'2025-01-21 21:43:10','2025-01-21 21:43:10'),(10,'2025M2 jour003','2005-01-21','Rue 53, Quartier Mvan, Yaound, Cameroun',9,9,2200000.00,'2025-01-21 21:43:11','2025-01-21 21:43:11'),(12,'2025M2 soir002','2000-01-21','Rue 62, Quartier Bastos, Yaound, Cameroun',10,11,2200000.00,'2025-01-21 21:43:12','2025-01-21 21:43:12'),(14,'2025M2 soir003','2003-01-21','Rue 98, Quartier Bastos, Yaound, Cameroun',10,13,2200000.00,'2025-01-21 21:43:13','2025-01-21 21:43:13'),(16,'2025B2A002','2003-01-21','Rue 81, Quartier Odza, Yaound, Cameroun',3,15,1900000.00,'2025-01-21 21:43:14','2025-01-21 21:43:14'),(18,'2025B2B002','2003-01-21','Rue 52, Quartier Bastos, Yaound, Cameroun',4,17,1900000.00,'2025-01-21 21:43:15','2025-01-21 21:43:15'),(20,'2025B3 soir003','2002-01-21','Rue 21, Quartier Mendong, Yaound, Cameroun',6,19,2100000.00,'2025-01-21 21:43:16','2025-01-21 21:43:16'),(22,'2025M2 jour004','2000-01-21','Rue 25, Quartier Mvan, Yaound, Cameroun',9,21,2200000.00,'2025-01-21 21:43:18','2025-01-21 21:43:18'),(24,'2025B2B003','2006-01-21','Rue 29, Quartier Odza, Yaound, Cameroun',4,23,1900000.00,'2025-01-21 21:43:19','2025-01-21 21:43:19'),(26,'2025B1B002','2006-01-21','Rue 14, Quartier Efoulan, Yaound, Cameroun',2,25,1750000.00,'2025-01-21 21:43:20','2025-01-21 21:43:20'),(28,'2025M1 jour003','2003-01-21','Rue 70, Quartier Odza, Yaound, Cameroun',7,27,2000000.00,'2025-01-21 21:43:21','2025-01-21 21:43:21'),(30,'2025B2B004','2000-01-21','Rue 65, Quartier Bastos, Yaound, Cameroun',4,29,1900000.00,'2025-01-21 21:43:22','2025-01-21 21:43:22'),(32,'2025M1 jour004','2003-01-21','Rue 64, Quartier Mvan, Yaound, Cameroun',7,31,2000000.00,'2025-01-21 21:43:23','2025-01-21 21:43:23'),(34,'2025B3 soir004','2006-01-21','Rue 50, Quartier Efoulan, Yaound, Cameroun',6,33,2100000.00,'2025-01-21 21:43:24','2025-01-21 21:43:24'),(36,'2025M1 jour005','2003-01-21','Rue 10, Quartier Mvan, Yaound, Cameroun',7,35,2000000.00,'2025-01-21 21:43:25','2025-01-21 21:43:25'),(38,'2025B2A003','2007-01-21','Rue 75, Quartier Mvan, Yaound, Cameroun',3,37,1900000.00,'2025-01-21 21:43:26','2025-01-21 21:43:26'),(40,'2025M1 jour006','2007-01-21','Rue 39, Quartier Odza, Yaound, Cameroun',7,39,2000000.00,'2025-01-21 21:43:28','2025-01-21 21:43:28'),(42,'2025B1A003','2000-01-21','Rue 89, Quartier Bastos, Yaound, Cameroun',1,41,1750000.00,'2025-01-21 21:43:29','2025-01-21 21:43:29'),(44,'2025M1 soir002','2007-01-21','Rue 25, Quartier Odza, Yaound, Cameroun',8,43,2000000.00,'2025-01-21 21:43:30','2025-01-21 21:43:30'),(46,'2025B1B003','2003-01-21','Rue 91, Quartier Mendong, Yaound, Cameroun',2,45,1750000.00,'2025-01-21 21:43:31','2025-01-21 21:43:31'),(48,'2025B1A004','2003-01-21','Rue 80, Quartier Mvan, Yaound, Cameroun',1,47,1750000.00,'2025-01-21 21:43:32','2025-01-21 21:43:32'),(50,'2025B1A005','2000-01-21','Rue 66, Quartier Odza, Yaound, Cameroun',1,49,1750000.00,'2025-01-21 21:43:33','2025-01-21 21:43:33'),(52,'2025B2A004','2004-01-21','Rue 79, Quartier Mvan, Yaound, Cameroun',3,51,1900000.00,'2025-01-21 21:43:34','2025-01-21 21:43:34'),(55,'2025M1 soir003','2000-01-21','Rue 100, Quartier Mvan, Yaound, Cameroun',8,54,2000000.00,'2025-01-21 21:52:43','2025-01-21 21:52:43'),(57,'2025B2A005','2000-01-21','Rue 87, Quartier Mvan, Yaound, Cameroun',3,56,1900000.00,'2025-01-21 21:52:44','2025-01-21 21:52:44'),(59,'2025B2B005','2004-01-21','Rue 75, Quartier Odza, Yaound, Cameroun',4,58,1900000.00,'2025-01-21 21:52:45','2025-01-21 21:52:45'),(61,'2025B1B004','2004-01-21','Rue 27, Quartier Mendong, Yaound, Cameroun',2,60,1750000.00,'2025-01-21 21:52:46','2025-01-21 21:52:46'),(63,'2025B1A006','2004-01-21','Rue 35, Quartier Mendong, Yaound, Cameroun',1,62,1750000.00,'2025-01-21 21:52:47','2025-01-21 21:52:47'),(65,'2025B3 jour002','2006-01-21','Rue 51, Quartier Efoulan, Yaound, Cameroun',5,64,2100000.00,'2025-01-21 21:52:48','2025-01-21 21:52:48'),(67,'2025M2 soir004','2004-01-21','Rue 46, Quartier Bastos, Yaound, Cameroun',10,66,2200000.00,'2025-01-21 21:52:49','2025-01-21 21:52:49'),(69,'2025M2 jour005','2007-01-21','Rue 36, Quartier Efoulan, Yaound, Cameroun',9,68,2200000.00,'2025-01-21 21:52:51','2025-01-21 21:52:51'),(71,'2025M1 soir004','2005-01-21','Rue 95, Quartier Mendong, Yaound, Cameroun',8,70,2000000.00,'2025-01-21 21:52:52','2025-01-21 21:52:52'),(73,'2025B2B006','2002-01-21','Rue 65, Quartier Mendong, Yaound, Cameroun',4,72,1900000.00,'2025-01-21 21:52:53','2025-01-21 21:52:53'),(75,'2025B2A006','2004-01-21','Rue 28, Quartier Efoulan, Yaound, Cameroun',3,74,1900000.00,'2025-01-21 21:52:54','2025-01-21 21:52:54'),(77,'2025B2B007','2006-01-21','Rue 7, Quartier Bastos, Yaound, Cameroun',4,76,1900000.00,'2025-01-21 21:52:55','2025-01-21 21:52:55'),(79,'2025B3 soir005','2007-01-21','Rue 28, Quartier Mvan, Yaound, Cameroun',6,78,2100000.00,'2025-01-21 21:52:56','2025-01-21 21:52:56'),(81,'2025B3 jour003','2000-01-21','Rue 92, Quartier Efoulan, Yaound, Cameroun',5,80,2100000.00,'2025-01-21 21:52:57','2025-01-21 21:52:57'),(83,'2025M2 soir005','2007-01-21','Rue 96, Quartier Bastos, Yaound, Cameroun',10,82,2200000.00,'2025-01-21 21:52:58','2025-01-21 21:52:58'),(85,'2025M2 soir006','2006-01-21','Rue 65, Quartier Odza, Yaound, Cameroun',10,84,2200000.00,'2025-01-21 21:52:59','2025-01-21 21:52:59'),(87,'2025B2B008','2002-01-21','Rue 60, Quartier Mvan, Yaound, Cameroun',4,86,1900000.00,'2025-01-21 21:53:00','2025-01-21 21:53:00'),(89,'2025B2A007','2004-01-21','Rue 62, Quartier Odza, Yaound, Cameroun',3,88,1900000.00,'2025-01-21 21:53:01','2025-01-21 21:53:01'),(91,'2025B3 soir006','2000-01-21','Rue 42, Quartier Bastos, Yaound, Cameroun',6,90,2100000.00,'2025-01-21 21:53:03','2025-01-21 21:53:03'),(93,'2025B2A008','2006-01-21','Rue 92, Quartier Mendong, Yaound, Cameroun',3,92,1900000.00,'2025-01-21 21:53:04','2025-01-21 21:53:04'),(95,'2025M1 jour007','2006-01-21','Rue 28, Quartier Bastos, Yaound, Cameroun',7,94,2000000.00,'2025-01-21 21:53:05','2025-01-21 21:53:05'),(97,'2025M2 jour006','2006-01-21','Rue 78, Quartier Efoulan, Yaound, Cameroun',9,96,2200000.00,'2025-01-21 21:53:06','2025-01-21 21:53:06'),(99,'2025B3 jour004','2003-01-21','Rue 76, Quartier Mvan, Yaound, Cameroun',5,98,2100000.00,'2025-01-21 21:53:07','2025-01-21 21:53:07'),(101,'2025M1 soir005','2000-01-21','Rue 9, Quartier Efoulan, Yaound, Cameroun',8,100,2000000.00,'2025-01-21 21:53:08','2025-01-21 21:53:08'),(103,'2025B3 jour005','2006-01-21','Rue 73, Quartier Mendong, Yaound, Cameroun',5,102,2100000.00,'2025-01-21 21:53:09','2025-01-21 21:53:09'),(105,'2025M1 soir006','2003-01-21','Rue 29, Quartier Mendong, Yaound, Cameroun',8,104,2000000.00,'2025-01-21 21:53:10','2025-01-21 21:53:10');
/*!40000 ALTER TABLE `students` ENABLE KEYS */;
UNLOCK TABLES;
/*!50003 SET @saved_cs_client      = @@character_set_client */ ;
/*!50003 SET @saved_cs_results     = @@character_set_results */ ;
/*!50003 SET @saved_col_connection = @@collation_connection */ ;
/*!50003 SET character_set_client  = utf8mb4 */ ;
/*!50003 SET character_set_results = utf8mb4 */ ;
/*!50003 SET collation_connection  = utf8mb4_0900_ai_ci */ ;
/*!50003 SET @saved_sql_mode       = @@sql_mode */ ;
/*!50003 SET sql_mode              = 'ONLY_FULL_GROUP_BY,STRICT_TRANS_TABLES,NO_ZERO_IN_DATE,NO_ZERO_DATE,ERROR_FOR_DIVISION_BY_ZERO,NO_ENGINE_SUBSTITUTION' */ ;
DELIMITER ;;
/*!50003 CREATE*/ /*!50017 */ /*!50003 TRIGGER `trigger_students_before_insert` BEFORE INSERT ON `students` FOR EACH ROW SET NEW.created_at = IFNULL(NEW.created_at, CURRENT_TIMESTAMP) */;;
DELIMITER ;
/*!50003 SET sql_mode              = @saved_sql_mode */ ;
/*!50003 SET character_set_client  = @saved_cs_client */ ;
/*!50003 SET character_set_results = @saved_cs_results */ ;
/*!50003 SET collation_connection  = @saved_col_connection */ ;
/*!50003 SET @saved_cs_client      = @@character_set_client */ ;
/*!50003 SET @saved_cs_results     = @@character_set_results */ ;
/*!50003 SET @saved_col_connection = @@collation_connection */ ;
/*!50003 SET character_set_client  = utf8mb4 */ ;
/*!50003 SET character_set_results = utf8mb4 */ ;
/*!50003 SET collation_connection  = utf8mb4_0900_ai_ci */ ;
/*!50003 SET @saved_sql_mode       = @@sql_mode */ ;
/*!50003 SET sql_mode              = 'ONLY_FULL_GROUP_BY,STRICT_TRANS_TABLES,NO_ZERO_IN_DATE,NO_ZERO_DATE,ERROR_FOR_DIVISION_BY_ZERO,NO_ENGINE_SUBSTITUTION' */ ;
DELIMITER ;;
/*!50003 CREATE*/ /*!50017 */ /*!50003 TRIGGER `trigger_students_before_update` BEFORE UPDATE ON `students` FOR EACH ROW SET NEW.updated_at = CURRENT_TIMESTAMP */;;
DELIMITER ;
/*!50003 SET sql_mode              = @saved_sql_mode */ ;
/*!50003 SET character_set_client  = @saved_cs_client */ ;
/*!50003 SET character_set_results = @saved_cs_results */ ;
/*!50003 SET collation_connection  = @saved_col_connection */ ;

--
-- Table structure for table `subjects`
--

DROP TABLE IF EXISTS `subjects`;
/*!40101 SET @saved_cs_client     = @@character_set_client */;
/*!50503 SET character_set_client = utf8mb4 */;
CREATE TABLE `subjects` (
  `id` int NOT NULL AUTO_INCREMENT,
  `name` varchar(255) NOT NULL,
  `teacher_id` int DEFAULT NULL,
  `level` enum('Bachelor 1','Bachelor 2','Bachelor 3','Master 1','Master 2') DEFAULT 'Bachelor 1',
  `created_at` datetime NOT NULL DEFAULT CURRENT_TIMESTAMP,
  `updated_at` datetime NOT NULL DEFAULT CURRENT_TIMESTAMP ON UPDATE CURRENT_TIMESTAMP,
  `credit` tinyint DEFAULT NULL,
  PRIMARY KEY (`id`),
  KEY `teacher_id` (`teacher_id`),
  CONSTRAINT `subjects_ibfk_1` FOREIGN KEY (`teacher_id`) REFERENCES `teachers` (`id`) ON DELETE SET NULL
) ENGINE=InnoDB AUTO_INCREMENT=36 DEFAULT CHARSET=utf8mb4 COLLATE=utf8mb4_0900_ai_ci;
/*!40101 SET character_set_client = @saved_cs_client */;

--
-- Dumping data for table `subjects`
--

LOCK TABLES `subjects` WRITE;
/*!40000 ALTER TABLE `subjects` DISABLE KEYS */;
INSERT INTO `subjects` VALUES (1,'Introduction  la Programmation',145,'Bachelor 1','2025-01-21 22:34:43','2025-01-21 22:34:43',4),(2,'Mathmatiques pour l\'Informatique',139,'Bachelor 1','2025-01-21 22:34:43','2025-01-21 22:34:43',5),(3,'Systmes d\'Exploitation',141,'Bachelor 1','2025-01-21 22:34:43','2025-01-21 22:34:43',3),(4,'Architecture des Ordinateurs',139,'Bachelor 1','2025-01-21 22:34:43','2025-01-21 22:34:43',4),(5,'Bases de Donnes Relationnelles',142,'Bachelor 1','2025-01-21 22:34:43','2025-01-21 22:34:43',4),(6,'Algorithmique de Base',138,'Bachelor 1','2025-01-21 22:34:43','2025-01-21 22:34:43',5),(7,'Communication et Rdaction Technique',142,'Bachelor 1','2025-01-21 22:34:43','2025-01-21 22:34:43',2),(8,'Programmation Oriente Objet',141,'Bachelor 2','2025-01-21 22:34:43','2025-01-21 22:34:43',5),(9,'Structures de Donnes',141,'Bachelor 2','2025-01-21 22:34:43','2025-01-21 22:34:43',4),(10,'Rseaux Informatiques',138,'Bachelor 2','2025-01-21 22:34:43','2025-01-21 22:34:43',4),(11,'Dveloppement Web Frontend',146,'Bachelor 2','2025-01-21 22:34:43','2025-01-21 22:34:43',4),(12,'Dveloppement Web Backend',137,'Bachelor 2','2025-01-21 22:34:43','2025-01-21 22:34:43',4),(13,'Systmes de Gestion de Bases de Donnes',141,'Bachelor 2','2025-01-21 22:34:43','2025-01-21 22:34:43',5),(14,'Introduction  la Scurit Informatique',137,'Bachelor 2','2025-01-21 22:34:43','2025-01-21 22:34:43',3),(15,'Dveloppement d\'Applications Mobiles',140,'Bachelor 3','2025-01-21 22:34:43','2025-01-21 22:34:43',6),(16,'Cloud Computing et Virtualisation',141,'Bachelor 3','2025-01-21 22:34:43','2025-01-21 22:34:43',5),(17,'Gestion de Projets Informatiques',146,'Bachelor 3','2025-01-21 22:34:43','2025-01-21 22:34:43',4),(18,'Programmation Fonctionnelle',140,'Bachelor 3','2025-01-21 22:34:43','2025-01-21 22:34:43',4),(19,'Big Data et Analytics',141,'Bachelor 3','2025-01-21 22:34:43','2025-01-21 22:34:43',5),(20,'Interface Utilisateur (UI/UX)',145,'Bachelor 3','2025-01-21 22:34:43','2025-01-21 22:34:43',3),(21,'Scurit des Rseaux',146,'Bachelor 3','2025-01-21 22:34:43','2025-01-21 22:34:43',4),(22,'Intelligence Artificielle',137,'Master 1','2025-01-21 22:34:43','2025-01-21 22:34:43',6),(23,'Machine Learning',144,'Master 1','2025-01-21 22:34:43','2025-01-21 22:34:43',6),(24,'Traitement du Langage Naturel (NLP)',142,'Master 1','2025-01-21 22:34:43','2025-01-21 22:34:43',5),(25,'Vision par Ordinateur',145,'Master 1','2025-01-21 22:34:43','2025-01-21 22:34:43',5),(26,'Blockchain et Cryptographie',140,'Master 1','2025-01-21 22:34:43','2025-01-21 22:34:43',5),(27,'Architecture des Systmes Distribus',146,'Master 1','2025-01-21 22:34:43','2025-01-21 22:34:43',6),(28,'Gestion des Donnes Massives',140,'Master 1','2025-01-21 22:34:43','2025-01-21 22:34:43',5),(29,'Deep Learning',145,'Master 2','2025-01-21 22:34:43','2025-01-21 22:34:43',6),(30,'Internet des Objets (IoT)',145,'Master 2','2025-01-21 22:34:43','2025-01-21 22:34:43',5),(31,'Systmes Embarqus',139,'Master 2','2025-01-21 22:34:43','2025-01-21 22:34:43',5),(32,'Robotique et Automatisation',137,'Master 2','2025-01-21 22:34:43','2025-01-21 22:34:43',6),(33,'Scurit des Applications Web',144,'Master 2','2025-01-21 22:34:43','2025-01-21 22:34:43',4),(34,'Gestion des Infrastructures Cloud',146,'Master 2','2025-01-21 22:34:43','2025-01-21 22:34:43',5),(35,'Dveloppement de Jeux Vido',142,'Master 2','2025-01-21 22:34:43','2025-01-21 22:34:43',6);
/*!40000 ALTER TABLE `subjects` ENABLE KEYS */;
UNLOCK TABLES;
/*!50003 SET @saved_cs_client      = @@character_set_client */ ;
/*!50003 SET @saved_cs_results     = @@character_set_results */ ;
/*!50003 SET @saved_col_connection = @@collation_connection */ ;
/*!50003 SET character_set_client  = utf8mb4 */ ;
/*!50003 SET character_set_results = utf8mb4 */ ;
/*!50003 SET collation_connection  = utf8mb4_0900_ai_ci */ ;
/*!50003 SET @saved_sql_mode       = @@sql_mode */ ;
/*!50003 SET sql_mode              = 'ONLY_FULL_GROUP_BY,STRICT_TRANS_TABLES,NO_ZERO_IN_DATE,NO_ZERO_DATE,ERROR_FOR_DIVISION_BY_ZERO,NO_ENGINE_SUBSTITUTION' */ ;
DELIMITER ;;
/*!50003 CREATE*/ /*!50017 */ /*!50003 TRIGGER `trigger_subjects_before_insert` BEFORE INSERT ON `subjects` FOR EACH ROW SET NEW.created_at = IFNULL(NEW.created_at, CURRENT_TIMESTAMP) */;;
DELIMITER ;
/*!50003 SET sql_mode              = @saved_sql_mode */ ;
/*!50003 SET character_set_client  = @saved_cs_client */ ;
/*!50003 SET character_set_results = @saved_cs_results */ ;
/*!50003 SET collation_connection  = @saved_col_connection */ ;
/*!50003 SET @saved_cs_client      = @@character_set_client */ ;
/*!50003 SET @saved_cs_results     = @@character_set_results */ ;
/*!50003 SET @saved_col_connection = @@collation_connection */ ;
/*!50003 SET character_set_client  = utf8mb4 */ ;
/*!50003 SET character_set_results = utf8mb4 */ ;
/*!50003 SET collation_connection  = utf8mb4_0900_ai_ci */ ;
/*!50003 SET @saved_sql_mode       = @@sql_mode */ ;
/*!50003 SET sql_mode              = 'ONLY_FULL_GROUP_BY,STRICT_TRANS_TABLES,NO_ZERO_IN_DATE,NO_ZERO_DATE,ERROR_FOR_DIVISION_BY_ZERO,NO_ENGINE_SUBSTITUTION' */ ;
DELIMITER ;;
/*!50003 CREATE*/ /*!50017 */ /*!50003 TRIGGER `trigger_subjects_before_update` BEFORE UPDATE ON `subjects` FOR EACH ROW SET NEW.updated_at = CURRENT_TIMESTAMP */;;
DELIMITER ;
/*!50003 SET sql_mode              = @saved_sql_mode */ ;
/*!50003 SET character_set_client  = @saved_cs_client */ ;
/*!50003 SET character_set_results = @saved_cs_results */ ;
/*!50003 SET collation_connection  = @saved_col_connection */ ;

--
-- Table structure for table `teachers`
--

DROP TABLE IF EXISTS `teachers`;
/*!40101 SET @saved_cs_client     = @@character_set_client */;
/*!50503 SET character_set_client = utf8mb4 */;
CREATE TABLE `teachers` (
  `id` int NOT NULL,
  `specialty` varchar(255) DEFAULT NULL,
  `hire_date` date DEFAULT NULL,
  `status` enum('active','inactive') NOT NULL DEFAULT 'inactive',
  `created_at` datetime NOT NULL DEFAULT CURRENT_TIMESTAMP,
  `updated_at` datetime NOT NULL DEFAULT CURRENT_TIMESTAMP ON UPDATE CURRENT_TIMESTAMP,
  PRIMARY KEY (`id`),
  CONSTRAINT `teachers_ibfk_1` FOREIGN KEY (`id`) REFERENCES `users` (`id`) ON DELETE CASCADE
) ENGINE=InnoDB DEFAULT CHARSET=utf8mb4 COLLATE=utf8mb4_0900_ai_ci;
/*!40101 SET character_set_client = @saved_cs_client */;

--
-- Dumping data for table `teachers`
--

LOCK TABLES `teachers` WRITE;
/*!40000 ALTER TABLE `teachers` DISABLE KEYS */;
INSERT INTO `teachers` VALUES (137,'Robotique','2025-01-21','active','2025-01-21 22:22:21','2025-01-21 22:22:21'),(138,'Dveloppement de Logiciels pour les Services de Commerce lectronique','2025-01-21','active','2025-01-21 22:22:21','2025-01-21 22:22:21'),(139,'Dveloppement de Logiciels pour les Services Publics','2025-01-21','active','2025-01-21 22:22:22','2025-01-21 22:22:22'),(140,'Dveloppement d\'Applications Distribues','2025-01-21','active','2025-01-21 22:22:22','2025-01-21 22:22:22'),(141,'Gestion des Donnes de la Sant Publique','2025-01-21','active','2025-01-21 22:22:23','2025-01-21 22:22:23'),(142,'Gestion des Donnes de l\'Environnement','2025-01-21','active','2025-01-21 22:22:23','2025-01-21 22:22:23'),(143,'Programmation Oriente Objet','2025-01-21','active','2025-01-21 22:22:24','2025-01-21 22:22:24'),(144,'Big Data','2025-01-21','active','2025-01-21 22:22:24','2025-01-21 22:22:24'),(145,'Dveloppement de Logiciels pour les Services Financiers','2025-01-21','active','2025-01-21 22:22:25','2025-01-21 22:22:25'),(146,'Gestion des Donnes de la Sant Publique','2025-01-21','active','2025-01-21 22:22:25','2025-01-21 22:22:25');
/*!40000 ALTER TABLE `teachers` ENABLE KEYS */;
UNLOCK TABLES;
/*!50003 SET @saved_cs_client      = @@character_set_client */ ;
/*!50003 SET @saved_cs_results     = @@character_set_results */ ;
/*!50003 SET @saved_col_connection = @@collation_connection */ ;
/*!50003 SET character_set_client  = utf8mb4 */ ;
/*!50003 SET character_set_results = utf8mb4 */ ;
/*!50003 SET collation_connection  = utf8mb4_0900_ai_ci */ ;
/*!50003 SET @saved_sql_mode       = @@sql_mode */ ;
/*!50003 SET sql_mode              = 'ONLY_FULL_GROUP_BY,STRICT_TRANS_TABLES,NO_ZERO_IN_DATE,NO_ZERO_DATE,ERROR_FOR_DIVISION_BY_ZERO,NO_ENGINE_SUBSTITUTION' */ ;
DELIMITER ;;
/*!50003 CREATE*/ /*!50017 */ /*!50003 TRIGGER `trigger_teachers_before_insert` BEFORE INSERT ON `teachers` FOR EACH ROW SET NEW.created_at = IFNULL(NEW.created_at, CURRENT_TIMESTAMP) */;;
DELIMITER ;
/*!50003 SET sql_mode              = @saved_sql_mode */ ;
/*!50003 SET character_set_client  = @saved_cs_client */ ;
/*!50003 SET character_set_results = @saved_cs_results */ ;
/*!50003 SET collation_connection  = @saved_col_connection */ ;
/*!50003 SET @saved_cs_client      = @@character_set_client */ ;
/*!50003 SET @saved_cs_results     = @@character_set_results */ ;
/*!50003 SET @saved_col_connection = @@collation_connection */ ;
/*!50003 SET character_set_client  = utf8mb4 */ ;
/*!50003 SET character_set_results = utf8mb4 */ ;
/*!50003 SET collation_connection  = utf8mb4_0900_ai_ci */ ;
/*!50003 SET @saved_sql_mode       = @@sql_mode */ ;
/*!50003 SET sql_mode              = 'ONLY_FULL_GROUP_BY,STRICT_TRANS_TABLES,NO_ZERO_IN_DATE,NO_ZERO_DATE,ERROR_FOR_DIVISION_BY_ZERO,NO_ENGINE_SUBSTITUTION' */ ;
DELIMITER ;;
/*!50003 CREATE*/ /*!50017 */ /*!50003 TRIGGER `trigger_teachers_before_update` BEFORE UPDATE ON `teachers` FOR EACH ROW SET NEW.updated_at = CURRENT_TIMESTAMP */;;
DELIMITER ;
/*!50003 SET sql_mode              = @saved_sql_mode */ ;
/*!50003 SET character_set_client  = @saved_cs_client */ ;
/*!50003 SET character_set_results = @saved_cs_results */ ;
/*!50003 SET collation_connection  = @saved_col_connection */ ;

--
-- Table structure for table `users`
--

DROP TABLE IF EXISTS `users`;
/*!40101 SET @saved_cs_client     = @@character_set_client */;
/*!50503 SET character_set_client = utf8mb4 */;
CREATE TABLE `users` (
  `id` int NOT NULL AUTO_INCREMENT,
  `first_name` varchar(255) NOT NULL,
  `last_name` varchar(255) NOT NULL,
  `email` varchar(255) DEFAULT NULL,
  `phone` varchar(20) DEFAULT NULL,
  `role` enum('student','teacher','parent','admin') NOT NULL,
  `profile_picture` varchar(255) DEFAULT NULL,
  `registration_date` datetime DEFAULT CURRENT_TIMESTAMP,
  `last_login` datetime DEFAULT NULL,
  `username` varchar(255) NOT NULL,
  `password` varchar(255) NOT NULL,
  `created_at` datetime NOT NULL DEFAULT CURRENT_TIMESTAMP,
  `updated_at` datetime NOT NULL DEFAULT CURRENT_TIMESTAMP ON UPDATE CURRENT_TIMESTAMP,
  PRIMARY KEY (`id`),
  UNIQUE KEY `email` (`email`)
) ENGINE=InnoDB AUTO_INCREMENT=147 DEFAULT CHARSET=utf8mb4 COLLATE=utf8mb4_0900_ai_ci;
/*!40101 SET character_set_client = @saved_cs_client */;

--
-- Dumping data for table `users`
--

LOCK TABLES `users` WRITE;
/*!40000 ALTER TABLE `users` DISABLE KEYS */;
INSERT INTO `users` VALUES (1,'Emmanuel','Nguemo','emmanuel.nguemo1@gmail.com','237679914801','parent',NULL,'2025-01-21 21:43:06',NULL,'emmanuel.nguemo1@gmail.com','$2y$12$lrpfqEdbm8RUu2N8gbpXyuBZ6dMxnbiRUq.77kPcvotHAbRQEuDaG','2025-01-21 21:43:06','2025-01-21 21:43:06'),(2,'Claire','Nguemo','claire.nguemo1@gmail.com','237647963120','student',NULL,'2025-01-21 21:43:06',NULL,'2025M1 jour002','$2y$12$wMnMfZVk.UWNFXiTec3/3upWPHkDoTbdJLssAw7DpzCpZZ8xpWf2q','2025-01-21 21:43:06','2025-01-21 21:43:06'),(3,'Paul','Eto\'o','paul.eto\'o2@gmail.com','237621849420','parent',NULL,'2025-01-21 21:43:07',NULL,'paul.eto\'o2@gmail.com','$2y$12$5rR5ztb57/4tIfQY.s0h1uFictWh5DYhwfuMQqYzVjnNo9k2UaziS','2025-01-21 21:43:07','2025-01-21 21:43:07'),(4,'Marie','Ndi','marie.ndi2@gmail.com','237677383686','student',NULL,'2025-01-21 21:43:07',NULL,'2025B3 soir002','$2y$12$bNS8wAfSjzSEewBVyGNHhun2vOkbmgSSYkpCjkjMDmI0J9V4I6vhS','2025-01-21 21:43:07','2025-01-21 21:43:07'),(5,'Louis','Ndi','louis.ndi3@gmail.com','237690455814','parent',NULL,'2025-01-21 21:43:08',NULL,'louis.ndi3@gmail.com','$2y$12$j8F./SfGOedv0qCE7bAZ6OuA3wljPX1kBXOpepofMuBoZL1DB7z..','2025-01-21 21:43:08','2025-01-21 21:43:08'),(6,'Emmanuel','Ngono','emmanuel.ngono3@gmail.com','237656539446','student',NULL,'2025-01-21 21:43:09','2025-01-22 00:52:44','2025B1A002','$2y$12$7iBTREVDt7X7nld5.9.2M.M76pUiiAk.qcxRR1rOZnNET3wOD5k2G','2025-01-21 21:43:09','2025-01-22 00:52:44'),(7,'Julie','Mbapp','julie.mbapp4@gmail.com','237656415243','parent',NULL,'2025-01-21 21:43:09',NULL,'julie.mbapp4@gmail.com','$2y$12$wVosb1wMsWJzfhyWYrs8MuKvSzTLTJeEKBE2r6Pjjf1iGFm5I7mZK','2025-01-21 21:43:09','2025-01-21 21:43:09'),(8,'Serge','Nguemo','serge.nguemo4@gmail.com','237629983977','student',NULL,'2025-01-21 21:43:10',NULL,'2025M2 jour002','$2y$12$ZY6VEn720Cf9KcPOFVQ7g.DUJT.iodHnae/qJ6tPwX6FScVBqaomK','2025-01-21 21:43:10','2025-01-21 21:43:10'),(9,'Valrie','Fokou','valrie.fokou5@gmail.com','237640416333','parent',NULL,'2025-01-21 21:43:10',NULL,'valrie.fokou5@gmail.com','$2y$12$ECkM1.NRIkuNBnDC1GvXN.L6i3Qr5HOP4pVxYp8Fc/cPUA3uTs/2m','2025-01-21 21:43:10','2025-01-21 21:43:10'),(10,'Marc','Kamdem','marc.kamdem5@gmail.com','237623390032','student',NULL,'2025-01-21 21:43:11',NULL,'2025M2 jour003','$2y$12$EbzxPmknhQFFiEZ8RG19FuXxLGRZswp32QYGdV77/.WxcSdkCj9yG','2025-01-21 21:43:11','2025-01-21 21:43:11'),(11,'Paul','Tchoupo','paul.tchoupo6@gmail.com','237674013326','parent',NULL,'2025-01-21 21:43:11',NULL,'paul.tchoupo6@gmail.com','$2y$12$myRr8kAABu9e3hPJy2KmcuT468wvjHeZ5IHPl.OBqH/xSEc6DAacq','2025-01-21 21:43:11','2025-01-21 21:43:11'),(12,'Lucie','Tchoupa','lucie.tchoupa6@gmail.com','237624336111','student',NULL,'2025-01-21 21:43:12',NULL,'2025M2 soir002','$2y$12$s7j30hupnKh3cjYLmuj/BOxSQG/FxiHJu1jwOyh.zFAww09lb3Uda','2025-01-21 21:43:12','2025-01-21 21:43:12'),(13,'Valrie','Mballa','valrie.mballa7@gmail.com','237664888585','parent',NULL,'2025-01-21 21:43:13',NULL,'valrie.mballa7@gmail.com','$2y$12$5fOdGV5xxr9dgOmm2XcSXuG1Fr0aWpixDkvM/T/2sjWQBYLvef9cS','2025-01-21 21:43:13','2025-01-21 21:43:13'),(14,'Sophie','Nganou','sophie.nganou7@gmail.com','237686183765','student',NULL,'2025-01-21 21:43:13',NULL,'2025M2 soir003','$2y$12$qSEzxIYp8mCTR3FFnxWbj.Hn4ai4N2jGBzu/rRGwXcRyS82C3w.xS','2025-01-21 21:43:13','2025-01-21 21:43:13'),(15,'Andr','Tchakount','andr.tchakount8@gmail.com','237645072814','parent',NULL,'2025-01-21 21:43:14',NULL,'andr.tchakount8@gmail.com','$2y$12$xgLE099zWzI1CLJnl5tQROo7rytzW2llI5Nfl6O5KyFCQFIvMOOhK','2025-01-21 21:43:14','2025-01-21 21:43:14'),(16,'Lucie','Ndong','lucie.ndong8@gmail.com','237639564429','student',NULL,'2025-01-21 21:43:14',NULL,'2025B2A002','$2y$12$eJlN8RxzJcoPJuLUKDsS9OQPU82kaQRBP/y92Lz150/bjwfLgVcvC','2025-01-21 21:43:14','2025-01-21 21:43:14'),(17,'Serge','Mballa','serge.mballa9@gmail.com','237651156548','parent',NULL,'2025-01-21 21:43:15',NULL,'serge.mballa9@gmail.com','$2y$12$LDDeLptmhpJxtScwmsCtwOMg0X7OVdU9uF0stfWvSAdG6C4xf1r8C','2025-01-21 21:43:15','2025-01-21 21:43:15'),(18,'David','Fokou','david.fokou9@gmail.com','237655091777','student',NULL,'2025-01-21 21:43:15',NULL,'2025B2B002','$2y$12$4UU.U5LxpVgzp6LCFQEip.o0/WgNw2ycYj80G8Fkmy9zpaosrptoS','2025-01-21 21:43:15','2025-01-21 21:43:15'),(19,'Anne','Ndjock','anne.ndjock10@gmail.com','237682824860','parent',NULL,'2025-01-21 21:43:16',NULL,'anne.ndjock10@gmail.com','$2y$12$lGTOrZnDM8Aiggt/rXy9yOa8kf8wbFCMQEC0Dt.ZNFVlRSEdPGsHi','2025-01-21 21:43:16','2025-01-21 21:43:16'),(20,'Christelle','Ndi','christelle.ndi10@gmail.com','237653577739','student',NULL,'2025-01-21 21:43:16',NULL,'2025B3 soir003','$2y$12$8EARnkXPvyKjY8bRgqernOPsMNoSYF46g3zc7vyVhiCtKHan.quA.','2025-01-21 21:43:16','2025-01-21 21:43:16'),(21,'Alice','Nganou','alice.nganou11@gmail.com','237653700945','parent',NULL,'2025-01-21 21:43:17',NULL,'alice.nganou11@gmail.com','$2y$12$c.JS/fMD1JYCjJrS9ZKYsu5njgkV7W7V6azTrqmWg3K.mi7q/TrNa','2025-01-21 21:43:17','2025-01-21 21:43:17'),(22,'Lucie','Nkoulou','lucie.nkoulou11@gmail.com','237677493479','student',NULL,'2025-01-21 21:43:18',NULL,'2025M2 jour004','$2y$12$1h69odrqRIdOn/Gmlfvfwu2pE4dRS4LkQa1JyBh0i1Keu8e9d1fMu','2025-01-21 21:43:18','2025-01-21 21:43:18'),(23,'Jean','Song','jean.song12@gmail.com','237638597320','parent',NULL,'2025-01-21 21:43:18',NULL,'jean.song12@gmail.com','$2y$12$3UEdQHq2qxzG1CCkAL4d4.SqxWD82LrCSmZ7P.lhJlE9pfOfelaVq','2025-01-21 21:43:18','2025-01-21 21:43:18'),(24,'Serge','Nkoulou','serge.nkoulou12@gmail.com','237651811708','student',NULL,'2025-01-21 21:43:19',NULL,'2025B2B003','$2y$12$vaQ0hJsKMtTuPzzRT26y9.Qzo1haAuC4wBx6PJ7UhOZrTBfcR1PYe','2025-01-21 21:43:19','2025-01-21 21:43:19'),(25,'Marc','Tchoupo','marc.tchoupo13@gmail.com','237613886740','parent',NULL,'2025-01-21 21:43:19',NULL,'marc.tchoupo13@gmail.com','$2y$12$/8pqadxZXsy7yjKRUKIJyO24E7721PxoMYRAJesoxlrIquZP2niZy','2025-01-21 21:43:19','2025-01-21 21:43:19'),(26,'Marie','Tchakount','marie.tchakount13@gmail.com','237623452470','student',NULL,'2025-01-21 21:43:20',NULL,'2025B1B002','$2y$12$nCK3yAeUQLnb19K6R2JRXOjubEWZc/FYeOrSoQGcadWPMYJb8TfkC','2025-01-21 21:43:20','2025-01-21 21:43:20'),(27,'Julie','Nkafu','julie.nkafu14@gmail.com','237616607419','parent',NULL,'2025-01-21 21:43:20',NULL,'julie.nkafu14@gmail.com','$2y$12$4SyitOm8Z23X4ibXuwfGY.oEuxMCLiAglpRyQJonaih5PgIjr23Ma','2025-01-21 21:43:20','2025-01-21 21:43:20'),(28,'David','Mballa','david.mballa14@gmail.com','237694125198','student',NULL,'2025-01-21 21:43:21',NULL,'2025M1 jour003','$2y$12$TC7fjYsqlrmKp8ogzm1rxOFLjFqju7dCd3dsach3RBviYbXUD.JA2','2025-01-21 21:43:21','2025-01-21 21:43:21'),(29,'Sophie','Song','sophie.song15@gmail.com','237615163387','parent',NULL,'2025-01-21 21:43:21',NULL,'sophie.song15@gmail.com','$2y$12$kpEJ5A2Z3ltLOs1c1G8RBOmS8u3BIDwVhxpsOQMJcMZ0ZEGIb1UC6','2025-01-21 21:43:21','2025-01-21 21:43:21'),(30,'Pierre','Tchakount','pierre.tchakount15@gmail.com','237620015830','student',NULL,'2025-01-21 21:43:22',NULL,'2025B2B004','$2y$12$cjBdjcrJVZDBe4qPB7NGuuPPj9UQxLse407jSZBb7CV3cnoXU6TTi','2025-01-21 21:43:22','2025-01-21 21:43:22'),(31,'Pierre','Nkafu','pierre.nkafu16@gmail.com','237669482979','parent',NULL,'2025-01-21 21:43:23',NULL,'pierre.nkafu16@gmail.com','$2y$12$jtPQN7SfvX9ihZ1f.1YgK.horp1IeZ0Y6a41jaYeM8CExFgXRuOW.','2025-01-21 21:43:23','2025-01-21 21:43:23'),(32,'Marie','Ndi','marie.ndi16@gmail.com','237686410856','student',NULL,'2025-01-21 21:43:23',NULL,'2025M1 jour004','$2y$12$qOwF2lVYSBR5B0JjY/DzqeirpJJhYIM/fH6eHCB9eAJ3Yz55WWL5W','2025-01-21 21:43:23','2025-01-21 21:43:23'),(33,'David','Fokou','david.fokou17@gmail.com','237633382583','parent',NULL,'2025-01-21 21:43:24',NULL,'david.fokou17@gmail.com','$2y$12$meXQHf0GcPgYy4lI6FNVo.OCGXwE7atgL1KdGONWP.ICTzXONW2vG','2025-01-21 21:43:24','2025-01-21 21:43:24'),(34,'Julie','Fotso','julie.fotso17@gmail.com','237693824232','student',NULL,'2025-01-21 21:43:24',NULL,'2025B3 soir004','$2y$12$n1m750aw7Onnictku0maqunloeo0004Z7fFV5C66hWgelTKya5blO','2025-01-21 21:43:24','2025-01-21 21:43:24'),(35,'Pierre','Tchakount','pierre.tchakount18@gmail.com','237663423625','parent',NULL,'2025-01-21 21:43:25',NULL,'pierre.tchakount18@gmail.com','$2y$12$5HoMXTX2ZKMrQk8/osm2J.M39vQkO1HEMerEFXdPc81AN1fdt2yXy','2025-01-21 21:43:25','2025-01-21 21:43:25'),(36,'Andr','Tchoupa','andr.tchoupa18@gmail.com','237635331138','student',NULL,'2025-01-21 21:43:25',NULL,'2025M1 jour005','$2y$12$9N568uHJmFvlA0JaB3oajOpbSn.PDyiaGIqpOUNsrW86TKrbhRr3K','2025-01-21 21:43:25','2025-01-21 21:43:25'),(37,'Alice','Nguemo','alice.nguemo19@gmail.com','237621245391','parent',NULL,'2025-01-21 21:43:26',NULL,'alice.nguemo19@gmail.com','$2y$12$VDMRuq2PQaAZ5xpCpIMpkuTqtz3.cmQOwTE22hSAADtLHxTaTMDlO','2025-01-21 21:43:26','2025-01-21 21:43:26'),(38,'Marie','Tchakount','marie.tchakount19@gmail.com','237657721198','student',NULL,'2025-01-21 21:43:26',NULL,'2025B2A003','$2y$12$14LWQAB6xp.3DL0ZA4LwKO0hiaV0rDbqEJxn1fX5EEzyIzb086zVe','2025-01-21 21:43:26','2025-01-21 21:43:26'),(39,'Cline','Nkafu','cline.nkafu20@gmail.com','237647195451','parent',NULL,'2025-01-21 21:43:27',NULL,'cline.nkafu20@gmail.com','$2y$12$6AHgWpmA3hcoKn.xFXD8LuS58kINmRZziehlzLc.NFrrH/7JvH7xO','2025-01-21 21:43:27','2025-01-21 21:43:27'),(40,'Cline','Tchoupa','cline.tchoupa20@gmail.com','237655602305','student',NULL,'2025-01-21 21:43:28',NULL,'2025M1 jour006','$2y$12$yPzLDBizHcXd4Bu1qxNiouBT8yajOnkSVhw2BTtBtBQawCEBk75MW','2025-01-21 21:43:28','2025-01-21 21:43:28'),(41,'Alice','Ngono','alice.ngono21@gmail.com','237697924340','parent',NULL,'2025-01-21 21:43:28',NULL,'alice.ngono21@gmail.com','$2y$12$PlPCR0ViB0tkKQXFj9xUn.h9n.nkoW.x1Qi7sbXvln.vpW/HtcWCO','2025-01-21 21:43:28','2025-01-21 21:43:28'),(42,'Marie','Tchoupo','marie.tchoupo21@gmail.com','237623419345','student',NULL,'2025-01-21 21:43:29',NULL,'2025B1A003','$2y$12$nRw2BkExAVBS7AzN5/ETvOJ/6Z.Zds7Xm2jxhyR3HKuYK60oPSh5m','2025-01-21 21:43:29','2025-01-21 21:43:29'),(43,'Sophie','Tchoupa','sophie.tchoupa22@gmail.com','237643950162','parent',NULL,'2025-01-21 21:43:29',NULL,'sophie.tchoupa22@gmail.com','$2y$12$O0SyBkPLPj20f4F/yn2zG.JfNFCZO1RfEH.faGBAklRKDZLxFy.HO','2025-01-21 21:43:29','2025-01-21 21:43:29'),(44,'Jean','Mballa','jean.mballa22@gmail.com','237663760937','student',NULL,'2025-01-21 21:43:30',NULL,'2025M1 soir002','$2y$12$UbJIeV6P.eKToxhBiN6/w.V9ar8Nxrfl3qRldO32fwh0bYa9waodC','2025-01-21 21:43:30','2025-01-21 21:43:30'),(45,'Marie','Song','marie.song23@gmail.com','237687420792','parent',NULL,'2025-01-21 21:43:30',NULL,'marie.song23@gmail.com','$2y$12$EtQ/Fu66H9TrLS/CNR03YuhB.IM.WqgunyonAvJcZYzbKUKjm6EAS','2025-01-21 21:43:30','2025-01-21 21:43:30'),(46,'Valrie','Ndi','valrie.ndi23@gmail.com','237654070095','student',NULL,'2025-01-21 21:43:31',NULL,'2025B1B003','$2y$12$93E3cAFGiXdwRY5e/J5jTOlOfrGEBM65ufBDo2jDNwrZ2SlU3FmKO','2025-01-21 21:43:31','2025-01-21 21:43:31'),(47,'Andr','Ndong','andr.ndong24@gmail.com','237673301827','parent',NULL,'2025-01-21 21:43:32',NULL,'andr.ndong24@gmail.com','$2y$12$PJCzO9/azEwUAwMZyYLY6OShNyUTGIyDxNiii.UFaJiTkRqOqBsmy','2025-01-21 21:43:32','2025-01-21 21:43:32'),(48,'Valrie','Fokou','valrie.fokou24@gmail.com','237670927113','student',NULL,'2025-01-21 21:43:32',NULL,'2025B1A004','$2y$12$RoqNlcGFPychZwWOuMFx6euNMn6WgYZMMjDQlcv6f4DpmQ2oaNpEq','2025-01-21 21:43:32','2025-01-21 21:43:32'),(49,'Anne','Eto\'o','anne.eto\'o25@gmail.com','237644299408','parent',NULL,'2025-01-21 21:43:33',NULL,'anne.eto\'o25@gmail.com','$2y$12$17vGuPgzfunk8jnjJdp9auDjEeZBLyGb7dNBRPrnTTCenLXY0if66','2025-01-21 21:43:33','2025-01-21 21:43:33'),(50,'Marie','Ndi','marie.ndi25@gmail.com','237655744538','student',NULL,'2025-01-21 21:43:33',NULL,'2025B1A005','$2y$12$gAJhVfKJnKbBuR0eQ7ovK.HGZciNwnFcLnM6pLbG7P9xePttCyCzq','2025-01-21 21:43:33','2025-01-21 21:43:33'),(51,'Anne','Tchoupa','anne.tchoupa26@gmail.com','237612593176','parent',NULL,'2025-01-21 21:43:34',NULL,'anne.tchoupa26@gmail.com','$2y$12$hY56LSvQxivo13eOm5zsSOIe05SKPMaQBMGGH/UELVe6nhQ5ptXRC','2025-01-21 21:43:34','2025-01-21 21:43:34'),(52,'David','Nkoulou','david.nkoulou26@gmail.com','237688596007','student',NULL,'2025-01-21 21:43:34',NULL,'2025B2A004','$2y$12$dp3t3aNnrtKB5jXg6poTVecF1cC4TEz8eDFoXEd/0MSDAracW01ge','2025-01-21 21:43:34','2025-01-21 21:43:34'),(53,'admin','','admin@gmail.com','699999999','admin','','2025-01-21 21:49:18','2025-01-22 00:52:23','admin','$2y$12$wIHh7vdKPh.RGvhyMfYZB.iqsI3aDU0kvBcqfwdT9jniuXmxPy0Gi','2025-01-21 21:49:18','2025-01-22 00:52:23'),(54,'Anne','Nganou','anne.nganou1@gmail.com','237647201418','parent',NULL,'2025-01-21 21:52:42',NULL,'anne.nganou1@gmail.com','$2y$12$nr1ky8V8wHY4p7x8mWf6V.Mg3WAVz1JyEV3QOBmUiZCZyP64eoszC','2025-01-21 21:52:42','2025-01-21 21:52:42'),(55,'Serge','Mballa','serge.mballa1@gmail.com','237625823908','student',NULL,'2025-01-21 21:52:43',NULL,'2025M1 soir003','$2y$12$7U/Gpp061gJadbstI4vo3OUidi5nPBfjSWwdj64wcy1kVeVEaVpIC','2025-01-21 21:52:43','2025-01-21 21:52:43'),(56,'Jacques','Tchoupa','jacques.tchoupa2@gmail.com','237694609774','parent',NULL,'2025-01-21 21:52:43',NULL,'jacques.tchoupa2@gmail.com','$2y$12$btZOj1JuXNpEtdEch/Upd.NkJ5t9.wF8TlyB03/I.Q1ayAUR8FvtS','2025-01-21 21:52:43','2025-01-21 21:52:43'),(57,'Serge','Tchoupo','serge.tchoupo2@gmail.com','237662279092','student',NULL,'2025-01-21 21:52:44',NULL,'2025B2A005','$2y$12$ggfckRqW6cGURyNRu9CC0OvmrBECWVlBKwHKasA75vToL8qJvZPWW','2025-01-21 21:52:44','2025-01-21 21:52:44'),(58,'Marc','Nkoulou','marc.nkoulou3@gmail.com','237653407563','parent',NULL,'2025-01-21 21:52:44',NULL,'marc.nkoulou3@gmail.com','$2y$12$qSBMX/BZOpze5WkuDxtsNubIITBdgMQb1Ry05wLKBBn8ZcAz9nnEW','2025-01-21 21:52:44','2025-01-21 21:52:44'),(59,'Cline','Nganou','cline.nganou3@gmail.com','237623957296','student',NULL,'2025-01-21 21:52:45',NULL,'2025B2B005','$2y$12$2otCnjKyRjJ5RyXHdPYkyOF3jUZnzn3krCLNTCK.xmaXv80Ys.OOa','2025-01-21 21:52:45','2025-01-21 21:52:45'),(60,'Claire','Fokou','claire.fokou4@gmail.com','237643950445','parent',NULL,'2025-01-21 21:52:46',NULL,'claire.fokou4@gmail.com','$2y$12$FMVsozn/2thlpNxKkVOqSOchN5yzZ9dmXeqYW9wMfISa7/ZjIaCWe','2025-01-21 21:52:46','2025-01-21 21:52:46'),(61,'Lucie','Ndi','lucie.ndi4@gmail.com','237660061490','student',NULL,'2025-01-21 21:52:46',NULL,'2025B1B004','$2y$12$cFPllMT55wDTaCWdFcIkAuGrtyQLrrPSzj8jc6EcxmUml2DHkJMFq','2025-01-21 21:52:46','2025-01-21 21:52:46'),(62,'Cline','Ndjock','cline.ndjock5@gmail.com','237620658874','parent',NULL,'2025-01-21 21:52:47',NULL,'cline.ndjock5@gmail.com','$2y$12$6MiB1dsEfbX0tqIeqVKaTeAFxuST4fIOfQxPIlnD3LXuRtsxjWMj6','2025-01-21 21:52:47','2025-01-21 21:52:47'),(63,'Anne','Tchoupa','anne.tchoupa5@gmail.com','237618572971','student',NULL,'2025-01-21 21:52:47',NULL,'2025B1A006','$2y$12$hLoTnXqZSY1BWIFLPXhUJOFKKr/Pode2S6JJjmK.Rq5qXB5Gle0yW','2025-01-21 21:52:47','2025-01-21 21:52:47'),(64,'Louis','Eto\'o','louis.eto\'o6@gmail.com','237681992117','parent',NULL,'2025-01-21 21:52:48',NULL,'louis.eto\'o6@gmail.com','$2y$12$EoZ3xz66xTYDjbwp03Y9u.HOT6fdR/dm0XfBMNa4L49xKfUZdtYA.','2025-01-21 21:52:48','2025-01-21 21:52:48'),(65,'Pierre','Nganou','pierre.nganou6@gmail.com','237697473594','student',NULL,'2025-01-21 21:52:48',NULL,'2025B3 jour002','$2y$12$7oEDV8lFufoUkJIa52n5lO9pLMRbH4m0TIq6wRSbTSxFNqummjcqG','2025-01-21 21:52:48','2025-01-21 21:52:48'),(66,'Christelle','Tchoupi','christelle.tchoupi7@gmail.com','237673535398','parent',NULL,'2025-01-21 21:52:49',NULL,'christelle.tchoupi7@gmail.com','$2y$12$aq9xe.LCyDBfxkL.f5ceLuwXfzc68VOzwLL4927nMkk6qL6DoHhF6','2025-01-21 21:52:49','2025-01-21 21:52:49'),(67,'Marc','Tchoupi','marc.tchoupi7@gmail.com','237649007462','student',NULL,'2025-01-21 21:52:49',NULL,'2025M2 soir004','$2y$12$LRX9iwVZ31Ivh0GDoRZSj.AADa5me45l4lxVWm/bv290Wl6iGK53e','2025-01-21 21:52:49','2025-01-21 21:52:49'),(68,'Claire','Kamdem','claire.kamdem8@gmail.com','237661579835','parent',NULL,'2025-01-21 21:52:50',NULL,'claire.kamdem8@gmail.com','$2y$12$zQoh9UTovImmLmsDKo8dxu8QCSxasBmWEpEe2j6Ig3uLunaj4FIku','2025-01-21 21:52:50','2025-01-21 21:52:50'),(69,'Andr','Mbapp','andr.mbapp8@gmail.com','237618079546','student',NULL,'2025-01-21 21:52:51',NULL,'2025M2 jour005','$2y$12$uOQFduSPNcd0sSUAlKv4cuNGF4m87ll2d78.5dcOyoxOsWdQKwtzK','2025-01-21 21:52:51','2025-01-21 21:52:51'),(70,'Jacques','Ngono','jacques.ngono9@gmail.com','237629356372','parent',NULL,'2025-01-21 21:52:51',NULL,'jacques.ngono9@gmail.com','$2y$12$bmNGOv2xi1H18R7EroPu8.jwiplx/D79Uq.DX0yJH4O4k63ZiYqyq','2025-01-21 21:52:51','2025-01-21 21:52:51'),(71,'Valrie','Eto\'o','valrie.eto\'o9@gmail.com','237685990020','student',NULL,'2025-01-21 21:52:52',NULL,'2025M1 soir004','$2y$12$CZigfTyyUJ04a9XY5bJpwuHB2DcDKlHXx5Hm4sB8Q2Zlkqm5ktkM6','2025-01-21 21:52:52','2025-01-21 21:52:52'),(72,'Louis','Song','louis.song10@gmail.com','237653072906','parent',NULL,'2025-01-21 21:52:52',NULL,'louis.song10@gmail.com','$2y$12$Uw4.PNmoA2XsIE5GGqAItuvehhfqsN32oaCyOHyzROaZuACysegCq','2025-01-21 21:52:52','2025-01-21 21:52:52'),(73,'Jean','Ndjock','jean.ndjock10@gmail.com','237619035097','student',NULL,'2025-01-21 21:52:53',NULL,'2025B2B006','$2y$12$i.qh/liXFBfaV8N9pYnW1OFQniyTxfMIDExNNWePkqaStE1XIiUJ2','2025-01-21 21:52:53','2025-01-21 21:52:53'),(74,'Sophie','Tchoupo','sophie.tchoupo11@gmail.com','237633892475','parent',NULL,'2025-01-21 21:52:53',NULL,'sophie.tchoupo11@gmail.com','$2y$12$JZgY5wLBYHpOj9BtNe5tZu2AuiEcDzYdpE7lxVOa0gpwbdreQxxui','2025-01-21 21:52:53','2025-01-21 21:52:53'),(75,'Sophie','Tchakount','sophie.tchakount11@gmail.com','237659650343','student',NULL,'2025-01-21 21:52:54',NULL,'2025B2A006','$2y$12$oXfi0J.rBRUBOfe3XQh7Se9OAA34lez9vxzHK451sRAZVyhFB8bNS','2025-01-21 21:52:54','2025-01-21 21:52:54'),(76,'Jean','Tchoupa','jean.tchoupa12@gmail.com','237653012620','parent',NULL,'2025-01-21 21:52:54',NULL,'jean.tchoupa12@gmail.com','$2y$12$CsW6diN9OD0na2.HZrSVVuk2GktcQBWuQPtpY53meCL7I25XDwDwS','2025-01-21 21:52:54','2025-01-21 21:52:54'),(77,'Lucie','Nganou','lucie.nganou12@gmail.com','237612201641','student',NULL,'2025-01-21 21:52:55',NULL,'2025B2B007','$2y$12$pnP6fN/Vg0Lvs9v7.onUaOC5/5748l/ofX.AVQ0qgT8cXtBaTYCM.','2025-01-21 21:52:55','2025-01-21 21:52:55'),(78,'David','Mbapp','david.mbapp13@gmail.com','237633847138','parent',NULL,'2025-01-21 21:52:55',NULL,'david.mbapp13@gmail.com','$2y$12$4jFX.HfJrR95HNvd0Pin1uM1fpb9xxGvX..4PEfFq7yVdr5uRib2.','2025-01-21 21:52:55','2025-01-21 21:52:55'),(79,'Julie','Fokou','julie.fokou13@gmail.com','237689948636','student',NULL,'2025-01-21 21:52:56',NULL,'2025B3 soir005','$2y$12$eJydCkekWK1GSPXnYspksO9JY1n5QDXqluK8WgZYWMcI1H7q0iQJO','2025-01-21 21:52:56','2025-01-21 21:52:56'),(80,'Jacques','Fokou','jacques.fokou14@gmail.com','237621899620','parent',NULL,'2025-01-21 21:52:57',NULL,'jacques.fokou14@gmail.com','$2y$12$W2tHVD3A1kJLZgw7LObLf.zo./HWgQOmqCwmHTIf3qrv0gLq0uBmW','2025-01-21 21:52:57','2025-01-21 21:52:57'),(81,'Serge','Kamdem','serge.kamdem14@gmail.com','237613164320','student',NULL,'2025-01-21 21:52:57',NULL,'2025B3 jour003','$2y$12$aCPHnB4kP5Gvp7px5u4wRusjjTWSoEKQBSBklqKmL3mKNVR/jf0gC','2025-01-21 21:52:57','2025-01-21 21:52:57'),(82,'Alice','Nganou','alice.nganou15@gmail.com','237627756488','parent',NULL,'2025-01-21 21:52:58',NULL,'alice.nganou15@gmail.com','$2y$12$oWC1D2MqasGQ6ArxAwBvQ.zlpdWXdlVN2OmxErevoRV4tKyguscfe','2025-01-21 21:52:58','2025-01-21 21:52:58'),(83,'Sophie','Mbapp','sophie.mbapp15@gmail.com','237668873696','student',NULL,'2025-01-21 21:52:58',NULL,'2025M2 soir005','$2y$12$baj5.9f2xX4tyqbUdI/BuePHJ8TYhRfEJAxOSXz45Dn.IopPPDAXu','2025-01-21 21:52:58','2025-01-21 21:52:58'),(84,'Emmanuel','Kamdem','emmanuel.kamdem16@gmail.com','237681179285','parent',NULL,'2025-01-21 21:52:59',NULL,'emmanuel.kamdem16@gmail.com','$2y$12$X6mitUL5P3v9OLCMhzoWtex2K9dld.DpC2TdSlplkRBQuxqWl8FZC','2025-01-21 21:52:59','2025-01-21 21:52:59'),(85,'Serge','Nkoulou','serge.nkoulou16@gmail.com','237688969552','student',NULL,'2025-01-21 21:52:59',NULL,'2025M2 soir006','$2y$12$0TrrRU1hkKa9IH79B4YaVeRC3yUHJWkVFmhOCVRWNFDmJaKDW85TW','2025-01-21 21:52:59','2025-01-21 21:52:59'),(86,'Lucie','Eto\'o','lucie.eto\'o17@gmail.com','237628449400','parent',NULL,'2025-01-21 21:53:00',NULL,'lucie.eto\'o17@gmail.com','$2y$12$41Yep4YIRAy.y2aEidZKFud2iSYVxEN6IZBU1ZdfwZokEsazWcv/y','2025-01-21 21:53:00','2025-01-21 21:53:00'),(87,'Jean','Fokou','jean.fokou17@gmail.com','237645774030','student',NULL,'2025-01-21 21:53:00',NULL,'2025B2B008','$2y$12$GHRjAwjvJQ8HHPUfd.am4.SubTt6kkQh.GhYOcWXLkY5JgyFAZ2IK','2025-01-21 21:53:00','2025-01-21 21:53:00'),(88,'Alice','Mbapp','alice.mbapp18@gmail.com','237638911599','parent',NULL,'2025-01-21 21:53:01',NULL,'alice.mbapp18@gmail.com','$2y$12$RL7a66Ia6EIZULpIkK6qsOf8gTc381Qi5G7VTtNdGWBdEUQ68qsHa','2025-01-21 21:53:01','2025-01-21 21:53:01'),(89,'Pierre','Ndjock','pierre.ndjock18@gmail.com','237616467354','student',NULL,'2025-01-21 21:53:01',NULL,'2025B2A007','$2y$12$6zR/Urhutm14G2bSwoWGAuGh9.chaFJijQXiCpdaaMfHtuDUP8TAG','2025-01-21 21:53:01','2025-01-21 21:53:01'),(90,'David','Nganou','david.nganou19@gmail.com','237655494736','parent',NULL,'2025-01-21 21:53:02',NULL,'david.nganou19@gmail.com','$2y$12$Ke7Iv6aYdAmGQtAyb9sbYOo/c80nvdQfjYCvh42m4gwlHhdZjMP/a','2025-01-21 21:53:02','2025-01-21 21:53:02'),(91,'Anne','Fokou','anne.fokou19@gmail.com','237610779062','student',NULL,'2025-01-21 21:53:03',NULL,'2025B3 soir006','$2y$12$agu3C9jVgUYmUo0gBVHXC.nCxZheFF4Qe8ts5UYlPaLSlNRqAx8EW','2025-01-21 21:53:03','2025-01-21 21:53:03'),(92,'Emmanuel','Eto\'o','emmanuel.eto\'o20@gmail.com','237665311745','parent',NULL,'2025-01-21 21:53:03',NULL,'emmanuel.eto\'o20@gmail.com','$2y$12$mW2DOImveSukBwdv3Bh8juDBNJ9Qxd0EEIeLAXU.OD4FC6PYNg9xC','2025-01-21 21:53:03','2025-01-21 21:53:03'),(93,'Julie','Ngono','julie.ngono20@gmail.com','237645998587','student',NULL,'2025-01-21 21:53:04',NULL,'2025B2A008','$2y$12$nYbA85wJT.bWl7k02aYEQuCB4tnQZeQTOG3nPw8RkAn48DXXRwGyu','2025-01-21 21:53:04','2025-01-21 21:53:04'),(94,'Valrie','Fotso','valrie.fotso21@gmail.com','237697345608','parent',NULL,'2025-01-21 21:53:04',NULL,'valrie.fotso21@gmail.com','$2y$12$sYUEo/Yi3tcZnQzOtkvu5uUg6INnlBMQSewqGZuYIJH2Z2malT3Wi','2025-01-21 21:53:04','2025-01-21 21:53:04'),(95,'Jacques','Nkoulou','jacques.nkoulou21@gmail.com','237678979116','student',NULL,'2025-01-21 21:53:05',NULL,'2025M1 jour007','$2y$12$V2lk1ei.2BOAZabXaQdREuI4BMHIHTMaF.nEjMYt/lzZQWGNXudCi','2025-01-21 21:53:05','2025-01-21 21:53:05'),(96,'Serge','Ndong','serge.ndong22@gmail.com','237668364897','parent',NULL,'2025-01-21 21:53:05',NULL,'serge.ndong22@gmail.com','$2y$12$.Chh1XXd/1eWsRhLoIHH/.jOsaigqf07I7T0xALD3Wrcxegu6wA2y','2025-01-21 21:53:05','2025-01-21 21:53:05'),(97,'David','Ndong','david.ndong22@gmail.com','237695091140','student',NULL,'2025-01-21 21:53:06',NULL,'2025M2 jour006','$2y$12$GCq4kUBUB3qAgwoZ.TrFcOEAhYvIgiCiisbudTCiXH/5dF9O5yPOe','2025-01-21 21:53:06','2025-01-21 21:53:06'),(98,'Paul','Tchoupo','paul.tchoupo23@gmail.com','237673621472','parent',NULL,'2025-01-21 21:53:06',NULL,'paul.tchoupo23@gmail.com','$2y$12$wg8ZqQaXeIIY5QEkbl1thOuzFXFOUkzN5iAXVq7IOe2Rva2GPqiyu','2025-01-21 21:53:06','2025-01-21 21:53:06'),(99,'Pierre','Tchakount','pierre.tchakount23@gmail.com','237615994615','student',NULL,'2025-01-21 21:53:07',NULL,'2025B3 jour004','$2y$12$UiYKo43wGZjfH/9ZnK6m3udXsBySVA0uhFVh8LSPPIlfoUPOVLWza','2025-01-21 21:53:07','2025-01-21 21:53:07'),(100,'Paul','Ndong','paul.ndong24@gmail.com','237646295288','parent',NULL,'2025-01-21 21:53:08',NULL,'paul.ndong24@gmail.com','$2y$12$SsWx4ORVCcfOLnuGlxsJIOIQl3tUJWgw3TFG34eNHDroNIcWX3QA2','2025-01-21 21:53:08','2025-01-21 21:53:08'),(101,'Valrie','Kamdem','valrie.kamdem24@gmail.com','237637263251','student',NULL,'2025-01-21 21:53:08',NULL,'2025M1 soir005','$2y$12$dYyo3KjHqx67yDkdKxaH.e/Vb5NBueBCKi8U7eCCQu10NkIVouuuK','2025-01-21 21:53:08','2025-01-21 21:53:08'),(102,'Serge','Tchakount','serge.tchakount25@gmail.com','237674492833','parent',NULL,'2025-01-21 21:53:09',NULL,'serge.tchakount25@gmail.com','$2y$12$n/l5vA1O4HGarhFTaLvXleZM/yu/lWhrCbKGZqrNVXmcYxrb0Nj9m','2025-01-21 21:53:09','2025-01-21 21:53:09'),(103,'Jean','Ndjock','jean.ndjock25@gmail.com','237657468696','student',NULL,'2025-01-21 21:53:09',NULL,'2025B3 jour005','$2y$12$0ZUeHCEOjInZ1xXe6JbZhusjOuF0zYGHYtaiwCeiGDy.OqAQY/eOy','2025-01-21 21:53:09','2025-01-21 21:53:09'),(104,'Alice','Tchoupa','alice.tchoupa26@gmail.com','237671916198','parent',NULL,'2025-01-21 21:53:10',NULL,'alice.tchoupa26@gmail.com','$2y$12$6KXp8I3gPUAWa9O/ZUejjOh68hbsP8gOiZqz0PlxkBvNxm.GYwG1i','2025-01-21 21:53:10','2025-01-21 21:53:10'),(105,'Marc','Ndi','marc.ndi26@gmail.com','237658492094','student',NULL,'2025-01-21 21:53:10',NULL,'2025M1 soir006','$2y$12$ay2UtOdJ.HUIj9oRZFLR..1MJzXGt9INjZ6Hm8.VypCeC/hOVtQLa','2025-01-21 21:53:10','2025-01-21 21:53:10'),(106,'Anne','Mballa','anne.mballa27@gmail.com','237639385173','parent',NULL,'2025-01-21 21:53:11',NULL,'anne.mballa27@gmail.com','$2y$12$c2xilwR0AZwjkP8x5YoTVumIF.PNO24C.KQ4FOLbwayVmG4nUbhYK','2025-01-21 21:53:11','2025-01-21 21:53:11'),(137,'Louis','Tchoupi','louis.tchoupi0@gmail.com','237647761763','teacher',NULL,'2025-01-21 22:22:21',NULL,'louis.tchoupi0@gmail.com','$2y$12$aqLIAjjT1F146KrfaCXj/eMXDp1XmUngxGMKUgxWw4b5A7/R0N8Za','2025-01-21 22:22:21','2025-01-21 22:22:21'),(138,'Louis','Mballa','louis.mballa1@gmail.com','237642301238','teacher',NULL,'2025-01-21 22:22:21',NULL,'louis.mballa1@gmail.com','$2y$12$IYKL/Pr5lYb4RAm1a68D6.LH36wn6kjspqmaS9VeFv1tmBM7gcRwG','2025-01-21 22:22:21','2025-01-21 22:22:21'),(139,'Azal','Nkoulou','azal.nkoulou2@gmail.com','237664209198','teacher',NULL,'2025-01-21 22:22:22',NULL,'azal.nkoulou2@gmail.com','$2y$12$Tb7PWLYtERi8Txrm0Gsj3OC.00ZNE7ABC/p3Ajt3pl2HThQEIEMQG','2025-01-21 22:22:22','2025-01-21 22:22:22'),(140,'David','Eto\'o','david.eto\'o3@gmail.com','237650515406','teacher',NULL,'2025-01-21 22:22:22',NULL,'david.eto\'o3@gmail.com','$2y$12$SJPO06t0/7bSI.B1jH9BTOCTHFM3iWgm8l9ld0.v4cQPW4c5.Zo5q','2025-01-21 22:22:22','2025-01-21 22:22:22'),(141,'Claire','Eto\'o','claire.eto\'o4@gmail.com','237629288974','teacher',NULL,'2025-01-21 22:22:23',NULL,'claire.eto\'o4@gmail.com','$2y$12$5sJsk.FZ1WSou6m3ZZcDMOXFJiLuygoT1.4z5P9.yj5LGIoGULo9G','2025-01-21 22:22:23','2025-01-21 22:22:23'),(142,'Louis','Fokou','louis.fokou5@gmail.com','237690832889','teacher',NULL,'2025-01-21 22:22:23','2025-01-22 00:51:46','louis.fokou5@gmail.com','$2y$12$T/o3k8BZvs/BymCM2MZAs.f8nQ44YU/Il8qgb6FgDU3kDY3c1cKV.','2025-01-21 22:22:23','2025-01-22 00:51:46'),(143,'Lucie','Kamdem','lucie.kamdem6@gmail.com','237668359487','teacher',NULL,'2025-01-21 22:22:24',NULL,'lucie.kamdem6@gmail.com','$2y$12$3i7r8gAaZ6JOyr.tyh19suHbuTEOyCaychU1FfQk2mi4f72XqWDwC','2025-01-21 22:22:24','2025-01-21 22:22:24'),(144,'Claire','Tchoupo','claire.tchoupo7@gmail.com','237673520939','teacher',NULL,'2025-01-21 22:22:24',NULL,'claire.tchoupo7@gmail.com','$2y$12$05E1eAWp0hLBHs9dBtNgUu7K.C7FzuOZWOW5nROQb74fNH2XvjwUq','2025-01-21 22:22:24','2025-01-21 22:22:24'),(145,'Cline','Ndong','cline.ndong8@gmail.com','237641049986','teacher',NULL,'2025-01-21 22:22:25',NULL,'cline.ndong8@gmail.com','$2y$12$P1BqlSFpPdpwaiY7O0Pa../dN4yvr22A/AtFhehfw7lsWTUHNIv/u','2025-01-21 22:22:25','2025-01-21 22:22:25'),(146,'Sophie','Nguemo','sophie.nguemo9@gmail.com','237659424070','teacher',NULL,'2025-01-21 22:22:25',NULL,'sophie.nguemo9@gmail.com','$2y$12$ueE24AxS4XOCToDBWVLPwOKzzqQzFFIS3RRy8hsK52JaVQwFs6hu2','2025-01-21 22:22:25','2025-01-21 22:22:25');
/*!40000 ALTER TABLE `users` ENABLE KEYS */;
UNLOCK TABLES;
/*!50003 SET @saved_cs_client      = @@character_set_client */ ;
/*!50003 SET @saved_cs_results     = @@character_set_results */ ;
/*!50003 SET @saved_col_connection = @@collation_connection */ ;
/*!50003 SET character_set_client  = utf8mb4 */ ;
/*!50003 SET character_set_results = utf8mb4 */ ;
/*!50003 SET collation_connection  = utf8mb4_0900_ai_ci */ ;
/*!50003 SET @saved_sql_mode       = @@sql_mode */ ;
/*!50003 SET sql_mode              = 'ONLY_FULL_GROUP_BY,STRICT_TRANS_TABLES,NO_ZERO_IN_DATE,NO_ZERO_DATE,ERROR_FOR_DIVISION_BY_ZERO,NO_ENGINE_SUBSTITUTION' */ ;
DELIMITER ;;
/*!50003 CREATE*/ /*!50017 */ /*!50003 TRIGGER `trigger_users_before_insert` BEFORE INSERT ON `users` FOR EACH ROW SET NEW.created_at = IFNULL(NEW.created_at, CURRENT_TIMESTAMP) */;;
DELIMITER ;
/*!50003 SET sql_mode              = @saved_sql_mode */ ;
/*!50003 SET character_set_client  = @saved_cs_client */ ;
/*!50003 SET character_set_results = @saved_cs_results */ ;
/*!50003 SET collation_connection  = @saved_col_connection */ ;
/*!50003 SET @saved_cs_client      = @@character_set_client */ ;
/*!50003 SET @saved_cs_results     = @@character_set_results */ ;
/*!50003 SET @saved_col_connection = @@collation_connection */ ;
/*!50003 SET character_set_client  = utf8mb4 */ ;
/*!50003 SET character_set_results = utf8mb4 */ ;
/*!50003 SET collation_connection  = utf8mb4_0900_ai_ci */ ;
/*!50003 SET @saved_sql_mode       = @@sql_mode */ ;
/*!50003 SET sql_mode              = 'ONLY_FULL_GROUP_BY,STRICT_TRANS_TABLES,NO_ZERO_IN_DATE,NO_ZERO_DATE,ERROR_FOR_DIVISION_BY_ZERO,NO_ENGINE_SUBSTITUTION' */ ;
DELIMITER ;;
/*!50003 CREATE*/ /*!50017 */ /*!50003 TRIGGER `trigger_users_before_update` BEFORE UPDATE ON `users` FOR EACH ROW SET NEW.updated_at = CURRENT_TIMESTAMP */;;
DELIMITER ;
/*!50003 SET sql_mode              = @saved_sql_mode */ ;
/*!50003 SET character_set_client  = @saved_cs_client */ ;
/*!50003 SET character_set_results = @saved_cs_results */ ;
/*!50003 SET collation_connection  = @saved_col_connection */ ;

--
-- Dumping events for database 'school_management'
--

--
-- Dumping routines for database 'school_management'
--
/*!50003 DROP PROCEDURE IF EXISTS `AddTimestampsToTables` */;
/*!50003 SET @saved_cs_client      = @@character_set_client */ ;
/*!50003 SET @saved_cs_results     = @@character_set_results */ ;
/*!50003 SET @saved_col_connection = @@collation_connection */ ;
/*!50003 SET character_set_client  = utf8mb4 */ ;
/*!50003 SET character_set_results = utf8mb4 */ ;
/*!50003 SET collation_connection  = utf8mb4_0900_ai_ci */ ;
/*!50003 SET @saved_sql_mode       = @@sql_mode */ ;
/*!50003 SET sql_mode              = 'ONLY_FULL_GROUP_BY,STRICT_TRANS_TABLES,NO_ZERO_IN_DATE,NO_ZERO_DATE,ERROR_FOR_DIVISION_BY_ZERO,NO_ENGINE_SUBSTITUTION' */ ;
DELIMITER ;;
CREATE  PROCEDURE `AddTimestampsToTables`()
BEGIN
    DECLARE done INT DEFAULT 0;
    DECLARE tableName VARCHAR(255);
    DECLARE columnExists INT;
    DECLARE cursorTables CURSOR FOR 
        SELECT table_name 
        FROM information_schema.tables 
        WHERE table_schema = DATABASE() AND table_type = 'BASE TABLE';
    
    DECLARE CONTINUE HANDLER FOR NOT FOUND SET done = 1;

    OPEN cursorTables;
    tableLoop: LOOP
        FETCH cursorTables INTO tableName;
        IF done THEN
            LEAVE tableLoop;
        END IF;

        -- Vrifier si la colonne 'created_at' existe dj
        SET @checkCreatedAtQuery = CONCAT(
            'SELECT COUNT(*) 
            INTO @columnExists
            FROM information_schema.columns 
            WHERE table_schema = DATABASE() 
            AND table_name = "', tableName, '" 
            AND column_name = "created_at";'
        );

        -- Excuter la requte pour vrifier si la colonne existe dj
        PREPARE stmt FROM @checkCreatedAtQuery;
        EXECUTE stmt;
        DEALLOCATE PREPARE stmt;

        -- Si la colonne 'created_at' n'existe pas, on l'ajoute
        IF @columnExists = 0 THEN
            SET @addCreatedAtQuery = CONCAT(
                'ALTER TABLE ', tableName, ' 
                ADD COLUMN created_at DATETIME DEFAULT CURRENT_TIMESTAMP NOT NULL;'
            );
            PREPARE stmt FROM @addCreatedAtQuery;
            EXECUTE stmt;
            DEALLOCATE PREPARE stmt;
        END IF;

        -- Vrifier si la colonne 'updated_at' existe dj
        SET @checkUpdatedAtQuery = CONCAT(
            'SELECT COUNT(*) 
            INTO @columnExists
            FROM information_schema.columns 
            WHERE table_schema = DATABASE() 
            AND table_name = "', tableName, '" 
            AND column_name = "updated_at";'
        );

        -- Excuter la requte pour vrifier si la colonne existe dj
        PREPARE stmt FROM @checkUpdatedAtQuery;
        EXECUTE stmt;
        DEALLOCATE PREPARE stmt;

        -- Si la colonne 'updated_at' n'existe pas, on l'ajoute
        IF @columnExists = 0 THEN
            SET @addUpdatedAtQuery = CONCAT(
                'ALTER TABLE ', tableName, ' 
                ADD COLUMN updated_at DATETIME DEFAULT CURRENT_TIMESTAMP ON UPDATE CURRENT_TIMESTAMP NOT NULL;'
            );
            PREPARE stmt FROM @addUpdatedAtQuery;
            EXECUTE stmt;
            DEALLOCATE PREPARE stmt;
        END IF;

    END LOOP;
    CLOSE cursorTables;
END ;;
DELIMITER ;
/*!50003 SET sql_mode              = @saved_sql_mode */ ;
/*!50003 SET character_set_client  = @saved_cs_client */ ;
/*!50003 SET character_set_results = @saved_cs_results */ ;
/*!50003 SET collation_connection  = @saved_col_connection */ ;
/*!50003 DROP PROCEDURE IF EXISTS `GenerateTimestampsTriggersSQL` */;
/*!50003 SET @saved_cs_client      = @@character_set_client */ ;
/*!50003 SET @saved_cs_results     = @@character_set_results */ ;
/*!50003 SET @saved_col_connection = @@collation_connection */ ;
/*!50003 SET character_set_client  = utf8mb4 */ ;
/*!50003 SET character_set_results = utf8mb4 */ ;
/*!50003 SET collation_connection  = utf8mb4_0900_ai_ci */ ;
/*!50003 SET @saved_sql_mode       = @@sql_mode */ ;
/*!50003 SET sql_mode              = 'ONLY_FULL_GROUP_BY,STRICT_TRANS_TABLES,NO_ZERO_IN_DATE,NO_ZERO_DATE,ERROR_FOR_DIVISION_BY_ZERO,NO_ENGINE_SUBSTITUTION' */ ;
DELIMITER ;;
CREATE  PROCEDURE `GenerateTimestampsTriggersSQL`()
BEGIN
    DECLARE done INT DEFAULT 0;
    DECLARE tableName VARCHAR(255);
    DECLARE triggerQuery VARCHAR(1000);
    DECLARE cursorTables CURSOR FOR 
        SELECT table_name 
        FROM information_schema.tables 
        WHERE table_schema = DATABASE() AND table_type = 'BASE TABLE';
    
    DECLARE CONTINUE HANDLER FOR NOT FOUND SET done = 1;

    OPEN cursorTables;
    tableLoop: LOOP
        FETCH cursorTables INTO tableName;
        IF done THEN
            LEAVE tableLoop;
        END IF;

        -- Gnrer le trigger BEFORE INSERT pour la table
        SET triggerQuery = CONCAT(
            'CREATE TRIGGER trigger_', tableName, '_before_insert
            BEFORE INSERT ON ', tableName, '
            FOR EACH ROW
            SET NEW.created_at = IFNULL(NEW.created_at, CURRENT_TIMESTAMP);'
        );

        -- Afficher la requte de cration de trigger
        SELECT triggerQuery;

        -- Gnrer le trigger BEFORE UPDATE pour la table
        SET triggerQuery = CONCAT(
            'CREATE TRIGGER trigger_', tableName, '_before_update
            BEFORE UPDATE ON ', tableName, '
            FOR EACH ROW
            SET NEW.updated_at = CURRENT_TIMESTAMP;'
        );

        -- Afficher la requte de cration de trigger
        SELECT triggerQuery;

    END LOOP;
    CLOSE cursorTables;
END ;;
DELIMITER ;
/*!50003 SET sql_mode              = @saved_sql_mode */ ;
/*!50003 SET character_set_client  = @saved_cs_client */ ;
/*!50003 SET character_set_results = @saved_cs_results */ ;
/*!50003 SET collation_connection  = @saved_col_connection */ ;
/*!50003 DROP PROCEDURE IF EXISTS `InsertUsers` */;
/*!50003 SET @saved_cs_client      = @@character_set_client */ ;
/*!50003 SET @saved_cs_results     = @@character_set_results */ ;
/*!50003 SET @saved_col_connection = @@collation_connection */ ;
/*!50003 SET character_set_client  = utf8mb4 */ ;
/*!50003 SET character_set_results = utf8mb4 */ ;
/*!50003 SET collation_connection  = utf8mb4_0900_ai_ci */ ;
/*!50003 SET @saved_sql_mode       = @@sql_mode */ ;
/*!50003 SET sql_mode              = 'ONLY_FULL_GROUP_BY,STRICT_TRANS_TABLES,NO_ZERO_IN_DATE,NO_ZERO_DATE,ERROR_FOR_DIVISION_BY_ZERO,NO_ENGINE_SUBSTITUTION' */ ;
DELIMITER ;;
CREATE  PROCEDURE `InsertUsers`(IN num_users INT)
BEGIN
    DECLARE i INT DEFAULT 1;
    DECLARE role_var ENUM('student', 'teacher', 'parent', 'admin');

    WHILE i <= num_users DO
        SET role_var = CASE
            WHEN i MOD 3 = 0 THEN 'teacher'
            WHEN i MOD 3 = 1 THEN 'student'
            ELSE 'parent'
        END;

        INSERT INTO users (first_name, last_name, email, phone, role, username, password)
        VALUES (CONCAT('User', i), CONCAT('LastName', i), CONCAT('user', i, '@example.com'), CONCAT('123456789', i), role_var, CONCAT('user', i), 'password');

        SET i = i + 1;
    END WHILE;
END ;;
DELIMITER ;
/*!50003 SET sql_mode              = @saved_sql_mode */ ;
/*!50003 SET character_set_client  = @saved_cs_client */ ;
/*!50003 SET character_set_results = @saved_cs_results */ ;
/*!50003 SET collation_connection  = @saved_col_connection */ ;
/*!50003 DROP PROCEDURE IF EXISTS `reinitializeRemainingFee` */;
/*!50003 SET @saved_cs_client      = @@character_set_client */ ;
/*!50003 SET @saved_cs_results     = @@character_set_results */ ;
/*!50003 SET @saved_col_connection = @@collation_connection */ ;
/*!50003 SET character_set_client  = utf8mb4 */ ;
/*!50003 SET character_set_results = utf8mb4 */ ;
/*!50003 SET collation_connection  = utf8mb4_0900_ai_ci */ ;
/*!50003 SET @saved_sql_mode       = @@sql_mode */ ;
/*!50003 SET sql_mode              = 'ONLY_FULL_GROUP_BY,STRICT_TRANS_TABLES,NO_ZERO_IN_DATE,NO_ZERO_DATE,ERROR_FOR_DIVISION_BY_ZERO,NO_ENGINE_SUBSTITUTION' */ ;
DELIMITER ;;
CREATE  PROCEDURE `reinitializeRemainingFee`()
BEGIN
update students 
inner join classes on students.class_id = classes.id
set students.remaining_fee = classes.total_fee;
END ;;
DELIMITER ;
/*!50003 SET sql_mode              = @saved_sql_mode */ ;
/*!50003 SET character_set_client  = @saved_cs_client */ ;
/*!50003 SET character_set_results = @saved_cs_results */ ;
/*!50003 SET collation_connection  = @saved_col_connection */ ;
/*!40103 SET TIME_ZONE=@OLD_TIME_ZONE */;

/*!40101 SET SQL_MODE=@OLD_SQL_MODE */;
/*!40014 SET FOREIGN_KEY_CHECKS=@OLD_FOREIGN_KEY_CHECKS */;
/*!40014 SET UNIQUE_CHECKS=@OLD_UNIQUE_CHECKS */;
/*!40101 SET CHARACTER_SET_CLIENT=@OLD_CHARACTER_SET_CLIENT */;
/*!40101 SET CHARACTER_SET_RESULTS=@OLD_CHARACTER_SET_RESULTS */;
/*!40101 SET COLLATION_CONNECTION=@OLD_COLLATION_CONNECTION */;
/*!40111 SET SQL_NOTES=@OLD_SQL_NOTES */;

-- Dump completed on 2025-01-22 10:40:26
